character,four_corner
汐,37120
茼,44227
鑦,87186
皂,26714
頳,41286
通,37302
鄯,87627
杻,47912
鶕,07627
亾,28710
扫,57070
虥,23253
煷,90817
鲇,21160
挃,51014
榴,47962
猉,44281
騬,72391
儎,23250
港,34117
厊,71241
麃,00231
胶,70248
户,30207
筇,88127
戅,01338
鞪,18506
斓,07420
镆,84784
楰,47987
铩,84794
倚,24221
暆,68012
旵,60772
俍,23232
宲,30904
蔓,44407
蚚,52121
莇,44127
黩,64384
坚,27104
腨,72227
顐,31586
珺,17167
乑,20902
诐,34747
鞟,40547
蚅,51112
贘,69886
朼,42910
宺,30212
瓇,11147
虸,57147
液,30147
蠩,54160
洵,37120
墕,41127
楌,40922
芏,44104
斐,11400
隘,78212
翕,80127
拜,21550
鏛,89127
邃,33303
骪,77210
旐,08213
廰,00236
懚,92037
脤,71232
欳,27282
腀,78227
筪,88715
袒,36210
変,00407
鳘,88106
陌,71262
濍,34132
账,72834
叽,67010
禷,31286
墧,42127
蒙,44232
躖,62170
孧,24407
晸,60148
髝,09227
蹐,62127
镨,88761
煁,94818
劶,74227
齉,25232
暬,45601
诶,33784
虙,21234
夭,20804
瘪,00112
霖,10994
绐,23160
鶃,27312
宅,30714
垖,47177
晭,67020
雪,10177
泼,33147
惧,97081
萜,44261
磾,16656
醒,16615
歬,21447
馘,83650
葪,44202
痧,00129
銈,84114
亡,00710
欴,37782
鷭,27627
盩,48102
羃,60227
踥,60144
帙,45280
穙,22985
逵,34301
旿,68040
菘,44932
嬤,40432
视,37212
鞢,44594
匕,22710
肿,75206
雗,48415
緅,27940
粱,33904
蝜,57186
挚,55502
峻,23747
琭,17199
笙,88105
祭,27901
邾,27927
魡,27320
阨,71212
宵,30227
圄,60601
楈,47927
嘙,64044
鈩,83107
簙,88442
士,40100
絾,23950
玦,15180
泺,32194
惘,97020
濸,34167
煶,96881
鲕,21127
贯,77802
皩,26112
阣,78217
偒,26227
瀺,37113
絋,20932
鳂,26132
窉,30227
撔,56096
鋂,88157
蜵,52100
訾,22601
炍,92847
羮,80805
类,90804
朰,40717
昶,36900
锨,87782
哗,64041
暡,68027
糗,96984
溱,35194
溤,31127
荐,44247
粥,17227
矽,17620
琰,19189
娹,40432
亭,00201
圞,60904
罚,60720
旺,61014
嵉,20721
蚭,57112
挀,52032
垶,40141
冧,37994
扆,30232
駓,71319
婥,41446
岢,22621
裎,36214
犜,28540
茏,44414
懀,98066
豇,11112
恰,98061
婇,42494
鷤,67527
暐,64056
垫,55104
爘,97832
魸,22327
頥,21086
镑,80727
缦,26147
浺,35106
埑,52104
郃,87627
磇,16612
雩,10027
鳆,28147
窻,30336
结,24161
睃,63047
婈,44447
僐,28261
襱,31211
膨,72222
疏,10112
涧,37120
助,74127
启,30267
莻,44612
穼,30904
妞,47412
些,22101
如,46400
茹,44460
踞,67164
搜,57047
朥,79227
臵,17164
嫌,48437
搭,54061
喣,67332
篾,88253
砸,11612
陞,74214
哐,61011
厞,71211
牠,24512
舙,20664
蔚,44240
齓,22710
堷,40161
酱,37604
烎,10809
嫙,48481
逕,31301
窕,30113
碆,34602
鑀,82147
邩,97827
躹,27220
六,00800
錥,80127
难,70415
劂,72200
癁,00147
鑗,87199
漞,32112
媇,40494
避,30304
麧,48417
虖,21249
荙,44308
篽,88227
瞌,64012
洯,57902
魉,21512
涹,32144
篟,88227
暰,68081
葐,44102
鼼,22200
巨,71717
铐,84727
堼,44104
嵜,22621
杌,41912
燊,90904
蟿,57136
顗,21186
缶,80772
罊,57772
裾,37264
汛,37110
褒,00732
骰,77247
搾,53011
揨,50021
魬,22347
唂,68068
瀽,33181
奞,40215
桫,49920
綷,20948
犎,44500
皭,22646
飕,77214
醁,17699
箖,88994
诒,33760
舴,28411
逊,39300
坲,45127
缹,80337
罽,60221
麉,11212
豝,17217
抿,57047
传,25232
财,74800
蛾,53150
奏,50804
熬,58334
檀,40916
罜,60104
跖,61162
姛,47420
洣,39194
桘,47977
沷,33147
曞,61027
祆,31284
徃,25210
万,10227
砟,18611
鎀,87122
袉,33212
亖,10101
剌,52900
鰀,22347
罀,82713
檆,41962
褞,36212
剫,02200
椣,45981
湔,38121
颈,11182
媴,44432
鄞,47127
阐,37506
蹑,61147
妃,47417
偡,24218
虀,44101
凶,22770
蓚,44222
圡,40103
遡,37302
译,37754
阕,37804
乡,20202
弸,17220
凅,36100
炓,94800
饛,84732
监,28102
鳖,98106
襕,37220
扅,30227
埼,44121
仏,22230
毋,77550
蒭,44427
枼,44904
獀,47247
聦,17432
溿,39150
滔,32177
莪,44553
窾,30982
纭,21132
痛,00127
戨,13650
藬,44286
譈,08640
窤,30712
爣,99831
侪,20224
甬,17227
箝,88574
凪,77210
灶,94810
躸,24221
峙,24741
藽,44912
襷,37252
俵,25232
匮,71718
蜂,57154
迷,39309
饵,21740
毗,62010
评,31749
珍,18122
摧,52015
筟,88407
恵,50330
笶,88804
斖,00102
缎,27147
圚,60806
髭,72112
軓,57010
詃,00632
宱,30211
謟,02677
峒,27720
嘻,64061
兔,27413
俎,87812
枲,23904
墹,47120
璨,17194
啖,69089
嬲,66427
逺,34303
菏,44121
囥,60217
佸,22264
醥,11691
夛,17207
锐,88712
悴,90048
糸,22903
窞,30777
宨,30113
艖,28412
蓹,44227
彁,11221
炢,93894
抄,59020
敾,88640
畴,65040
龛,80414
黑,60331
氪,80217
秊,20402
瓋,10132
鑍,66109
敀,28640
节,44227
跳,62113
蹎,64181
歘,97882
駣,72313
呠,65030
讷,34727
昒,67020
钊,82700
饲,27720
眬,63014
沘,32110
隶,50909
瞂,73247
睌,67012
鍜,87147
求,43909
韨,53047
葡,44227
吁,61040
孡,13460
戼,11777
縎,27927
嚚,66661
赙,73842
瘱,00138
疅,61016
售,20601
凔,38167
囘,77220
楻,46914
傞,28212
褡,34261
炜,95827
垪,48141
忄,90000
秼,25990
禢,36227
典,55801
拖,58012
濷,12127
黁,00269
瞛,68081
勺,27320
榈,47920
噟,00261
矬,88814
羍,40501
告,24601
赪,41282
姆,47450
嬩,47481
嚢,50732
突,30804
砌,17620
貜,26247
窎,30127
顟,11286
罆,87786
櫢,48940
熝,90812
芮,44227
仗,25200
乨,22610
榰,44961
桛,41931
埘,44100
忧,93012
酲,16614
祊,30227
仴,27220
绥,22144
聙,15427
栚,48984
凒,32118
艑,23427
喝,66027
癯,00115
旳,67020
嘕,61027
髗,71212
蕯,44215
擈,52095
瞙,64084
舿,24427
诮,39727
鵭,87127
捅,57027
繟,26956
蛫,57112
雘,74447
苦,44604
顄,11786
搛,58037
镩,83756
鳎,26127
碃,15627
覅,17420
闵,37400
胄,50227
樦,48914
唱,66060
搦,57027
獣,93684
蛭,51114
忤,98040
趾,61110
蛚,52100
跐,62110
濲,37147
廪,00291
蚡,58127
封,44100
週,37302
饧,27727
趷,68117
蜼,50115
獍,40212
铺,83727
锱,82763
礳,10662
蓒,44541
亦,00230
俻,27264
嫴,44441
檫,43991
櫉,41940
帖,41260
緭,26927
鸪,47627
氾,37112
邬,27127
柁,43912
还,31309
哙,68032
跟,67132
汽,38117
哩,66015
猃,48219
嗪,65094
蚽,51119
羉,60993
讔,02637
冏,77608
杈,47943
貙,21216
忠,50336
榝,47947
瑵,17136
谅,30796
酋,80604
硝,19627
驞,73386
銵,87140
鉃,88184
纪,27117
蔵,44253
祶,38227
鄡,27927
喏,64064
阡,72240
陆,75272
蟐,59127
禟,30265
侾,24247
恷,24339
漥,33114
踕,65181
吘,68040
櫍,42986
蔶,44806
诃,31720
氯,80917
鑳,83181
碶,17684
柬,50906
侬,24232
熀,96812
迥,37302
廋,00247
羳,82569
軖,51014
燡,96841
奛,40627
甑,81617
嫓,47412
訞,02684
旪,64000
瀯,39166
輴,52064
瞀,18604
亨,00207
玁,46248
澳,37184
筑,88117
腍,78232
砽,17620
煏,91866
嚫,66012
诤,37757
唨,67012
沾,31160
瀍,30114
衠,21221
袥,31262
璚,17127
陓,74227
歉,87282
鷋,47927
鬶,57227
泑,34127
诌,37777
檗,70904
朽,41927
笀,88710
簬,88164
扑,53000
爴,62130
髍,70294
竆,30466
罖,60308
箊,88233
伊,27207
足,60801
妻,50404
颺,76212
珱,19144
鬤,72732
歝,67482
瓭,41017
檠,48904
虚,21212
啄,61032
絗,26900
鴃,25380
祚,38211
骺,72261
柏,46902
争,27507
疤,00117
嗿,68086
懦,91027
褽,74732
牁,21220
鋹,81132
阙,37482
罒,60000
稚,20915
胈,73247
拱,54081
峅,23740
申,50006
謸,08640
硳,14631
簆,88214
爼,47412
鸄,28327
鼎,22227
緎,23950
坒,22104
拦,58011
鄘,07227
脢,78257
绢,26127
惎,44338
痎,00182
罿,60105
辱,71343
塰,38104
缫,22194
佲,27262
舤,27410
鳅,29180
兜,77212
准,30115
坣,90104
厉,71227
儊,24281
鯚,22347
瀥,37127
礅,18640
劦,40427
羲,80253
鄏,77327
篓,88404
弄,10441
叛,92547
冶,33160
丑,17102
嘘,61012
钉,81720
煚,61809
枊,47920
樃,47920
頟,21686
虇,44215
湚,32110
傺,27291
凥,77217
踀,66181
痾,00121
姲,43444
鐗,87120
蜽,51127
拟,58000
槣,43921
悀,97027
鵫,27427
耄,44714
券,90227
惗,98032
醮,10631
馇,24716
焮,97882
憬,96096
庲,00298
牮,23504
嫦,49427
泗,36100
睯,78604
鮔,21317
厠,71220
矛,17222
鷬,47827
糿,27920
烳,93827
逘,33308
濑,37182
樾,43985
霯,10108
颹,74215
勬,94927
氽,80902
訸,02694
綼,26940
匂,27720
羚,88532
筓,88441
遄,32302
冰,32190
认,38700
椬,43912
欁,44990
塯,47162
疁,67022
堋,47120
霘,10127
楀,42927
胀,72234
栐,43992
蜠,56100
騈,72341
谍,34794
宝,30103
鸶,22127
笢,88747
篎,88629
滦,30194
刕,17227
侍,24241
牦,22514
鄪,57827
掔,77502
椰,47927
冊,77440
猯,42227
莗,44506
鳑,20127
鎓,88127
妡,42421
郮,77227
龒,01901
桷,47927
濵,33186
铋,83704
莆,44227
硡,13632
忛,97010
舋,77102
鲍,27112
塨,44138
父,80400
嫈,99404
筅,88212
泆,35180
尞,40906
溙,35199
葴,44253
榧,41911
劳,44427
桬,39904
榑,43942
陊,77227
嗽,67082
汌,32100
蛬,44136
叿,61012
霸,10527
騵,71396
笳,88463
檧,44932
釲,87117
桗,47994
誫,01632
革,44506
贑,01486
眍,61014
訫,03600
膼,77232
憏,97091
埸,46127
庳,00246
塦,75104
殔,15299
嗧,46227
咾,64012
徏,21221
跇,64117
忸,97012
五,10102
鑙,83161
螐,57127
赭,44260
嚪,67020
叐,20407
肤,75280
刧,47720
袭,43732
鸠,47027
屯,50717
呜,67027
坔,12104
潉,32112
帽,46260
塺,00214
纸,22140
叁,23101
瓠,42230
麝,00241
锈,82727
腶,77247
騑,71311
緘,23950
毯,29718
彣,02402
架,46904
墇,40146
隍,76214
菽,44947
氁,24718
畼,66027
昐,68027
洷,31114
饄,89714
匿,71716
侭,27233
纄,24935
觋,17112
愈,80332
蚝,52114
歳,21253
翪,12147
邮,57627
服,77247
贳,44802
顾,71282
噗,62085
洉,32161
幐,79227
殀,12284
上,21100
濠,30132
馈,25782
鍯,87132
跣,64112
杛,47927
鮵,28312
腧,78221
钷,81716
瑽,18181
臲,27912
榒,47927
獌,46247
吹,67082
解,27252
恩,60330
铳,80712
胻,71221
纲,27120
鰿,25386
趱,44808
峱,47272
貀,22272
缿,82761
尕,17902
霉,10757
颿,77310
鬔,72305
靼,46510
赧,47247
犪,28547
婨,48427
甭,10227
瀓,38140
刃,17320
堂,90104
懘,34332
玤,15100
禲,31227
榌,42913
晣,62021
蛓,43150
娮,40461
揷,52057
底,00242
蛴,50124
彻,27220
急,27337
豪,00232
煼,97827
下,10230
颢,61982
沃,32184
偤,28264
企,80101
讄,06660
廈,00247
阜,27407
苢,44777
碷,12664
凚,34191
绯,21111
籶,97910
朴,43900
爧,91818
字,30407
擪,71252
聃,15447
矟,19227
嵚,22782
痪,00184
趣,47804
犍,25540
燃,93838
枬,47940
蔍,44212
厍,71254
玔,12100
雈,11215
颃,01282
恄,94061
蔫,44327
瞉,47647
徨,26214
洴,38141
坰,47120
蚯,52112
琸,11146
恭,44338
饷,27720
乽,44717
璍,14154
蠦,51112
嶕,20731
梹,42981
転,51032
略,67064
篨,88294
摝,50012
齀,21217
橼,47932
糚,94914
涕,38127
坭,47112
贶,76812
周,77220
嗲,68027
飁,17610
荎,44104
藢,44248
簢,88227
諘,05632
餪,81784
殖,14212
孲,11412
筙,88905
砺,11627
迅,37301
笋,88507
哏,67032
葺,44401
坶,47150
阰,72210
鉁,88122
誖,04647
鷣,17427
臀,77227
瘔,00164
氻,34127
畎,63084
鸆,27227
藏,44253
徦,27247
鴶,47627
歚,87682
袜,35290
岷,27747
塽,44184
囨,60901
敞,98240
犄,24521
皞,26648
迹,30303
辟,70241
媭,21404
婤,47420
肴,40227
刜,52000
檊,48941
鄟,57327
朆,87620
鍻,86127
馄,26712
磺,14686
雇,30215
敢,18440
螃,50127
帪,41232
飵,88711
鳺,57827
蛞,52164
摘,50027
偙,20227
犓,27527
艈,20412
礗,13686
嗷,68040
艴,57017
莀,44232
壔,44141
碞,60602
姜,80404
慈,80333
伜,27241
鄬,27227
郐,87727
斪,22621
勨,24227
铽,83740
馨,47609
紮,42903
灷,90448
踟,66100
弬,11212
蟍,52194
等,88341
猍,44298
睍,66012
団,60340
墥,40115
臔,77286
妎,48420
眝,63021
瞽,44604
恖,26330
崺,22212
积,26980
勍,04927
榟,43941
垂,20105
瑆,16115
卨,21227
廥,00266
扻,57082
计,34700
媛,42447
蟮,58161
姟,40482
稩,26927
仪,24203
蔑,44253
名,27602
汪,31114
淐,36160
惤,90032
耎,10804
尸,77207
唁,60061
幂,37227
瞥,98604
洌,32100
滺,38134
和,26900
雒,20615
嘷,66048
躵,27232
鳌,58106
叔,27940
搟,51040
啺,66027
昔,44601
剳,42600
挍,50048
桴,42947
佄,24270
錗,82144
铊,83712
买,17804
萍,44149
貘,24284
簩,88427
床,00294
鬈,72712
氲,80117
湽,32163
猥,46232
布,40227
秆,21940
諓,03653
源,31196
豅,81611
蘮,44221
倇,23212
氇,27716
渕,32100
祫,38261
娨,46441
缓,22147
扚,57020
後,22247
柙,46950
洲,32100
劜,42010
阿,71220
娃,44414
虮,57110
逮,35309
霙,10805
檤,48936
薮,44448
雸,10774
侌,80732
鉠,85180
犉,20547
朑,74217
疖,00127
负,27802
鷧,47127
悄,99027
畜,00603
鬏,72989
牾,21561
眆,60027
慕,44338
藖,44806
慑,91047
黠,64361
蔡,44901
埠,47147
欑,44986
烙,97864
囎,68066
嶊,22515
誓,52601
璹,14141
肫,75217
豹,27220
宏,30732
塻,44184
峀,22605
韈,44553
溃,35182
来,50900
铡,82700
衺,00732
尭,40212
拧,53021
骧,70132
溡,34141
龈,27732
嘏,47647
弃,00443
娵,47440
舳,25460
麜,00294
椺,46994
媟,44494
莛,44401
玄,00732
鋓,82100
俦,25240
櫴,47986
阳,76200
灱,97820
沟,37120
蝤,58164
扐,54027
襵,31241
嚿,64077
鋗,86127
扦,52040
烟,96800
飘,17910
曔,68040
债,25282
拂,55027
匨,71711
陙,71232
萰,44906
矗,40112
淍,37120
诋,32740
盻,68027
塲,48127
蔉,44732
嬅,44454
憥,99332
祣,38232
歋,77282
蒹,44237
鶶,07227
汷,37140
罃,99772
暴,60909
刟,12600
夶,44880
埮,49189
吠,63084
呆,60904
儝,29294
硗,15612
诲,38757
萟,44917
鷒,57327
禽,80227
鰎,25340
阖,37102
劕,72800
操,56094
鯑,24327
椪,48912
瞬,62052
犌,27547
乶,53717
綶,26994
誢,06612
誵,04627
訧,03612
共,44801
制,22200
侗,27220
眼,67032
刐,72400
烵,94827
嘭,62022
礁,10631
瑅,16181
跪,67112
雉,80815
鲁,27601
庞,00214
佶,24261
琻,18119
戄,96047
匳,71718
錅,27109
棎,47994
劣,90427
蒘,44502
嵸,22281
殠,16284
蛷,53199
榁,43914
胎,73260
刂,22000
冞,37904
侯,27284
疝,00172
钦,87782
蠪,01136
楝,45996
穲,21912
勹,27020
伪,24227
挞,54038
澞,31184
帒,23227
柾,41911
奾,42470
齑,00224
蚔,52140
缥,21191
鷛,07227
素,50903
巽,77801
瞕,60046
诽,31711
腆,75281
毣,17714
斑,11114
栮,41940
劥,04227
唈,66017
豷,14218
鬼,26513
媎,44460
栍,45910
斴,92221
睵,63050
钭,84700
駳,72341
乥,20717
衮,00732
萛,44446
受,20407
緉,21927
筋,88227
聄,18422
撉,08502
杧,40910
罾,60606
贺,46802
丆,10200
醢,14612
軨,58032
媱,42472
曫,22609
劈,70227
鯳,20342
雭,10247
苚,44227
譹,00632
乚,20710
妷,45480
批,52010
驶,75106
墭,43112
晰,62021
鈭,22109
绗,21121
剾,72700
尣,80212
歂,27282
媷,41443
磁,18632
炸,98811
喀,63064
盽,65000
郄,47727
尐,90300
曮,66048
豌,13112
疲,00147
溸,35193
蘦,44661
踋,67120
榯,44941
傈,21294
铏,82700
冻,34194
挔,50032
栌,41907
綛,27932
噪,66094
御,27220
籾,97920
郴,47927
蹞,61186
塷,41160
聇,11411
追,37307
奁,40714
惆,97020
槔,46948
鹯,07127
鳽,17427
埔,43127
瘞,00114
觼,27247
瞺,68066
昩,65090
晠,63050
瘭,00191
鵔,23347
牌,26040
偎,26232
蓰,44281
枨,42934
躿,20299
骔,73191
多,27207
顚,21886
偃,21214
札,42910
絇,27920
螆,58132
忙,90010
覟,46312
片,22027
韩,45427
拾,58061
燹,11809
峾,32772
擬,57081
癝,00191
涑,35196
郞,37727
勪,24227
剷,02200
瓎,17186
拮,54061
憴,97017
餴,84744
蠘,53150
汍,35117
褄,35244
屇,77267
烦,91882
伣,27212
縜,26986
弪,17212
簧,88806
合,80601
苣,44717
堙,41114
最,60447
畾,60660
傄,24268
崳,28721
琷,18112
鯌,24361
榳,40941
颴,78218
酛,11612
鏕,80112
壏,48112
题,61808
樽,48946
罓,77220
愐,91062
迉,37300
紧,27903
鄠,17227
赁,22802
磜,17691
嬁,42418
鈢,84190
騛,72313
酄,47227
禂,37220
砾,12694
冎,77227
篿,88343
槽,45966
缪,27122
軕,52070
霔,10114
妩,41412
郱,87427
覨,66212
蹇,30801
彑,27102
烜,91816
遘,35304
欝,44746
姒,48400
騟,78321
卶,27220
諆,04681
歅,17182
狸,46215
棢,47920
救,48940
薬,44904
咳,60082
椩,40987
谁,30715
玧,13112
呙,60227
朲,48900
炻,91862
牯,24560
璛,15127
紃,22900
釴,83140
锲,87784
彃,16254
斞,74800
鮿,21312
媤,46430
鎅,86128
媯,44427
浨,33194
蔩,44806
嬓,48440
康,00299
蕳,44227
緖,24960
浄,37157
缞,20132
褅,30227
砱,18632
睤,66021
犋,27581
侅,20282
蟃,56147
茚,44727
唙,69080
蔂,44903
鴹,87527
繗,29959
鸭,67527
酮,17620
銢,81192
湩,32115
老,44712
觛,26210
筌,88104
胑,76280
伍,21212
芰,44407
垌,47120
尢,40012
鸑,43327
枠,47941
铘,87727
栳,44912
醵,11632
釚,84117
箸,88604
栘,47927
籉,88104
鯶,27352
謢,00647
駧,77320
妯,45460
蓵,44581
唦,69020
偏,23227
或,53100
撊,57020
靳,42521
所,72221
牷,28514
霪,10114
荦,44502
僗,29227
蹝,61181
灬,33000
齴,20722
皢,24612
樼,47947
鸻,27227
壶,40102
薂,44248
醐,17620
莩,44407
褩,27732
嗳,62047
悺,93077
椃,41917
枽,40904
禣,33242
楸,49980
废,00247
菇,44464
翣,17404
纁,22931
徥,26281
簸,88847
赖,57982
垳,41121
盠,27102
倈,24298
恚,40331
瞟,61091
绾,23177
憳,97046
陷,77277
芋,44401
充,00212
蘨,44793
懴,93050
讶,31740
薝,44261
熚,96854
蘣,44814
嶲,22227
佽,27282
兡,41216
溟,37180
腤,70261
鶔,17927
踅,52801
灏,31182
锚,84760
剭,72200
梾,45990
顷,21782
猤,42284
芷,44101
玐,18100
頺,21286
麇,00294
楜,47920
昙,60732
鶂,77227
諹,06627
纷,28127
便,21246
脯,73227
忋,97017
鵥,92327
偗,29262
邉,36306
砗,14650
殈,17212
巪,71027
琀,18162
獹,41212
忎,20334
鰦,28332
摩,00252
鐑,84161
哣,61018
戺,37217
蕫,44105
丟,10732
侷,27227
圥,40212
测,32100
戡,43750
淔,34112
坞,47127
璎,17144
沲,38112
闣,77606
膄,77247
彂,32284
觿,22227
垤,41114
榚,48931
湰,37115
诺,34764
吻,67020
豃,88640
瘌,00120
咒,66217
晘,66041
谀,37787
犏,23527
徻,28266
骴,72210
妊,42414
笉,88127
钔,87720
搈,53068
鮙,27320
璓,14127
塈,71104
晈,60048
嫄,41496
濿,31127
闁,77227
猕,47292
聈,14427
夞,23612
葟,44104
碑,16640
蠲,86127
跈,68122
鏙,82115
蟖,52121
捂,51061
瀶,38166
僷,24294
炧,98812
思,60330
仦,29200
奃,40742
育,00227
乄,40200
橻,47912
鸣,67027
骇,70182
忀,20232
霃,10112
逃,32301
翜,17808
鐭,87184
揕,54018
栬,47917
妏,40440
逶,32304
贱,73850
辀,47540
喠,62015
绅,25106
历,71227
忱,94012
璭,17135
畩,60032
栤,42990
屐,77247
塆,40127
谋,34794
潺,37147
伤,28227
斅,71447
耺,11432
趦,47806
嘀,60027
樶,46947
璻,17148
课,36794
响,67020
项,11182
奰,60804
鍮,88121
悭,97014
拒,51017
彛,17442
孓,17407
泉,26902
杰,40339
蚷,51117
衙,21221
桵,42944
鱞,26332
囩,60732
塪,42177
趌,44806
鸈,37927
蕾,44601
栈,43950
窝,30227
锫,80761
屺,27717
芁,44217
戒,53400
梯,48927
鐤,82127
縨,26912
饭,22747
椚,47920
枭,27904
騺,45327
粸,94981
懿,47138
貅,24290
盦,80102
膈,71227
梤,42927
鼁,40717
石,10602
贪,80802
延,12401
秥,21960
欕,46948
舱,28412
笃,88127
図,60403
袀,37220
蕊,44333
砷,15606
雨,10227
廷,12401
假,27247
肔,74212
琙,13150
沝,12990
徯,22284
閕,77241
坏,41190
茠,44294
号,60027
她,44412
惫,27336
眻,68051
悦,98012
鸴,90127
庢,00214
择,57054
釒,80109
皬,21615
帏,45227
咟,61062
黔,68327
歽,12221
渼,38184
琡,17140
呃,61012
屽,21740
謧,00627
滂,30127
莈,44147
须,21282
艍,27464
怪,97014
乩,22610
灐,39119
悮,96084
褯,30227
郔,17427
荍,44748
唹,68033
牴,22540
斱,42621
摈,53081
磌,14681
酂,27827
诠,38714
焯,91846
靾,44517
遊,38304
霐,10132
栃,42927
景,60906
顽,11282
聑,11440
祈,32221
灸,27809
詥,08661
汔,38117
谣,32772
蓅,44112
妟,60404
憋,98334
邤,77227
锍,80712
傧,23281
惋,93012
败,78840
憿,98040
麛,00241
郇,27627
耩,55947
疆,11116
涟,34135
铅,87761
掩,54016
愠,96012
襚,38233
竽,88401
琇,12127
彯,12922
枳,46980
虶,51140
兓,11412
隅,76227
涜,34112
掇,57047
臁,70237
怤,24330
尛,90990
挓,53014
堳,47167
哂,61064
獤,48240
漛,39199
梦,44207
飙,47810
鄾,17427
佯,28251
诇,37720
蚦,57150
鞒,42528
瑙,12162
紑,21990
戻,30284
看,20605
鼫,71762
簄,88217
旒,08212
瑜,18121
蝽,55168
裩,36212
踲,62164
鼠,77712
稂,23932
顅,31286
蚞,54190
牚,90241
磋,18612
蹰,61140
樕,47982
平,10409
蝍,57120
靋,10111
貆,21216
絁,28912
踼,66127
彄,11216
鲛,20148
坋,48127
萏,44777
爩,94822
与,21127
愌,97084
癜,00147
鲒,24161
鲾,21166
望,07104
戜,53100
腵,77247
鲠,21146
痿,00144
蔄,44227
牅,20227
龖,01211
酽,11601
癑,00132
楲,43950
赊,78891
悛,93047
蘠,44261
驷,76100
咦,65082
拚,53040
镅,87767
娙,41412
疠,00127
庒,00213
玿,17162
蟨,71236
綗,27920
厕,71220
脎,74294
菋,44695
熨,74809
雽,10409
岓,22721
匑,27220
埢,49112
壖,41127
娩,47412
蓍,44601
碬,17647
殇,18227
砃,17640
凵,22770
駼,78394
泀,37120
藘,44236
艮,77732
麳,44498
柲,43904
苿,44905
梌,48994
驼,73112
嗊,61086
筻,88506
鶆,47927
縼,28981
帲,42241
屓,77286
蠺,11136
葼,44407
耾,14432
郋,27627
弆,40443
誗,02600
艓,24494
糥,91927
嵖,24716
跏,66100
远,31301
噮,66032
琉,10112
冁,87532
峊,27772
姤,42461
昕,62021
袕,33282
蠳,56144
滘,37161
侨,22228
濪,37117
绎,27154
醋,14661
状,33184
豿,27220
浝,33114
催,22215
暦,71269
咙,63014
貱,64847
幼,24727
颞,11482
趒,42801
酪,17664
濐,36164
蛻,58112
颕,21982
沧,38112
躩,66147
鞂,42594
畑,96800
眱,65082
燅,49189
匥,71714
厈,71241
冗,37217
攭,57036
浏,32100
萌,44627
蝒,51162
嵤,99772
裳,90732
瘙,00136
訽,07620
鰝,20327
跓,60114
癕,00115
猁,42200
束,50906
额,31682
辘,40512
釛,84127
昹,63092
柃,48932
牎,27032
去,40732
呋,65080
潱,34118
叮,61020
碋,12621
瑁,16160
戳,13250
楑,42984
箙,88247
绋,25127
垆,41107
歈,87282
攮,55032
鐊,86127
髡,72212
霰,10248
嬺,41431
渞,38162
擅,50016
缟,20127
饰,28727
鸩,47027
烯,94827
燮,99407
苰,44232
喂,66032
筷,88985
壮,34110
羹,80804
牺,21564
忉,97020
先,24212
髂,73264
揸,54016
甓,70717
譨,05632
毨,24711
叼,67020
诔,35790
欂,44942
勎,44127
陿,71218
谡,36747
驝,74394
閚,77108
硑,18641
庐,00207
幨,47261
珨,18161
鏋,84127
崣,22404
谎,34712
裪,37220
蘶,44413
凘,32121
杗,00904
榉,49958
轜,51027
玛,17127
毅,07247
储,24260
镕,83768
雓,80915
缒,27137
簠,88102
鴭,27727
卷,90712
搹,51027
瀙,36112
燲,94886
邽,47127
咀,67012
輫,51011
幏,43232
塣,36104
玮,15127
驜,72395
攲,44647
蘝,44882
褂,33200
鈇,85180
浸,37147
掐,57077
歔,27282
腇,72244
搿,22550
糔,97936
叚,77247
丰,50000
僟,22253
藆,44502
庮,00264
嫱,44461
癌,00172
阔,37164
躃,60141
糂,94918
喗,67052
震,10232
磳,18666
抉,55080
嫼,46431
汊,37143
橅,48931
吜,67012
叓,50407
僽,29238
缡,20127
浾,34131
埯,44116
釈,27987
隥,72218
巊,26744
栥,37904
奸,41440
冽,32100
荾,44407
离,00227
枛,42930
隔,71227
淤,38133
亊,50007
蝞,57167
芘,44712
炃,80809
贝,77802
媒,44494
払,52030
谦,38737
帉,48227
蝫,54160
蕙,44333
锇,83750
骲,77212
糳,37904
崭,22521
趋,47807
偧,24227
眦,62010
啒,67072
邷,17727
婮,47464
轩,41540
蠯,00236
桟,43950
泯,37147
链,84735
苃,44407
哫,66081
薷,44227
劻,74727
紩,25980
姗,47440
潒,37132
晼,63012
嶳,22114
侙,23240
祪,37212
糋,98921
夔,80407
涺,37164
岔,80772
篺,88546
扌,50000
鉲,81131
芈,11502
浽,32144
谰,37720
豾,21219
阞,74227
帻,45282
贮,73812
噢,67084
嫐,44440
瘐,00187
茅,44222
窥,30812
眚,25601
靝,58217
倔,27272
腢,76227
犇,25505
抯,57012
鯈,27236
饼,28741
痔,00141
瑰,16113
堵,44160
滟,37117
譗,08661
萾,44102
漘,31127
欻,97882
瑊,13150
蹲,68146
授,52047
濯,37115
穧,20923
窲,30948
躙,67120
稦,24956
入,80000
幛,40246
蟦,54186
硅,14614
撕,52021
薅,44443
桎,41914
婟,46400
硓,14612
躽,21214
呻,65006
琵,11712
辅,43527
鑁,82147
蝉,58156
狿,42241
狭,45280
騘,77332
乀,70030
矵,12600
鮟,23344
唷,60027
朵,77904
阍,37604
霴,15799
愵,97027
烶,92841
籭,88212
奴,47440
秩,25980
峎,22732
惠,50333
遈,36308
鴐,46327
煋,96815
摏,55077
奢,40604
嘃,60027
黺,38227
鹤,47227
瞦,64061
屑,77227
禋,31214
虳,57120
氐,72740
鲤,26115
厝,71261
竡,01162
鹳,47227
邱,77127
櫇,41986
崡,27772
乙,17710
町,61020
鸬,27227
嬥,47415
赦,48240
蘘,44732
顨,11221
骮,73240
冃,77220
鐂,81162
纋,21947
磊,10662
疧,00142
傶,23250
矡,16247
侒,23244
鉡,89150
昲,65027
颾,77213
艶,57117
佟,27233
梊,52904
霼,18717
擘,70502
鵵,27427
沫,35190
虆,44903
袁,40732
鯍,20312
瓼,16711
渪,32127
貥,60817
筥,88606
龠,80227
璗,36103
唚,67047
漌,34115
俾,26240
帎,44212
堟,47132
咃,64012
艂,27454
蓗,44281
縌,28934
乢,22710
扪,57020
嵢,28767
诣,32761
寽,20349
鎈,88112
缙,21161
鷾,07327
瘏,00164
澉,38140
橮,47986
俧,24231
咸,53200
肘,74200
圪,48117
翥,44127
蓜,44617
仭,27240
誻,02669
貾,62840
炾,96812
囒,64027
薰,44331
彩,22922
社,34210
徉,28251
鋿,89127
烛,95836
刋,22400
秮,23960
梏,44961
灅,36114
攉,51015
鷃,67427
枀,80904
嶤,22212
广,00200
谗,37733
裶,31211
岥,24747
蘗,44904
嗤,62036
设,37747
爦,98812
黅,48827
釄,10611
钎,82740
穵,30717
棳,47947
鸙,87227
瞵,69059
琽,14160
寣,30261
廗,00227
承,17232
射,24200
呟,60032
鎼,81152
奭,40806
璊,14127
聎,12413
劧,24527
鞄,47512
帘,30227
例,22200
组,27112
憙,40336
齖,21740
嶌,22327
脵,76284
唠,64027
头,34800
謒,08667
跄,68112
柋,23904
廊,00227
槛,48912
颂,81782
鬜,72227
僮,20215
褤,34232
嘴,62027
狎,46250
奆,40717
氘,80217
钲,81711
鶁,07927
濈,33150
祲,37247
猸,47267
庈,00227
籚,88212
闦,77108
瘳,00122
魪,28320
郲,47927
攳,47404
斸,72221
韔,41532
汇,31110
鯘,22344
邻,87327
轳,41507
栭,41927
骁,75112
派,32132
籇,88232
惖,60332
膛,79214
驻,70114
矫,82828
撧,57017
澥,37152
舨,22447
輤,55027
奥,27804
骛,18127
朄,55096
疟,00114
瘚,00182
特,24541
訮,01640
醇,10647
軴,50014
粗,97912
秗,22984
骂,66127
嗴,68013
箦,88802
孇,40447
贾,10802
插,52077
闾,37606
灡,34127
蹥,65130
埚,46127
考,44027
桌,21904
粎,97987
瑈,17194
彼,24247
竸,00212
膏,00227
措,54061
垘,43184
条,27904
柌,47920
涐,33150
霟,10181
妮,47412
誟,04647
礕,70602
葞,44241
踯,67127
姖,41417
靐,10661
灁,37120
絉,23994
卮,72212
全,80104
笄,88441
拘,57020
亏,10027
鼗,32147
岕,22228
跶,64138
玝,18140
絫,23903
灇,32147
揔,57032
淗,37120
刺,52900
懬,00238
壷,40105
儫,20232
篡,88732
拊,54000
醩,15666
阘,37127
焨,97827
彊,11216
蚧,58120
绚,27120
澙,37127
鬐,72601
鶸,17127
纣,24100
媲,46412
岎,28727
簔,88732
侫,20244
雐,21215
舑,25647
焍,98827
跩,65106
咘,64027
鏬,81149
娗,42441
聅,18484
料,94900
域,43150
搏,53042
鎶,81121
墄,43150
摞,56093
韾,47601
曘,61027
紒,28920
迮,38301
胣,78212
嶙,29759
杊,42900
橞,45933
矠,14261
靿,44527
锒,83732
逥,36300
伾,21219
蛽,56180
簺,88104
葲,44902
槠,44960
偳,22227
砦,22602
坹,43182
岄,27720
襻,34252
昤,68032
剖,02600
钋,83700
嫰,47482
怿,97054
飶,83704
矩,81817
蝰,54114
蝎,56127
廦,00241
鑎,81118
枯,44960
嶋,27727
餝,84727
鱚,24361
靶,47517
蜁,58181
崩,22227
滹,31149
肹,78227
瀚,38127
莰,44182
愧,96013
烡,90801
崻,24741
詟,43601
蔁,44406
忇,94027
翲,17920
曾,80606
溲,37147
珔,14147
早,60400
烆,91821
北,12110
圽,47120
騀,73350
鸾,00127
蟔,56131
覧,78212
銎,17109
凬,77210
数,98440
餍,71232
鰤,21327
屟,77294
鈠,87147
鴘,27427
谓,36727
巧,11127
炑,94890
薧,44212
隐,77237
螭,50127
聢,13481
岏,21712
迯,33300
懝,97081
羌,80512
搓,58012
撆,98502
嶫,22795
炇,98840
莟,44602
盲,00601
援,52047
曢,63096
勮,24227
霆,10401
渭,36127
韧,57020
霂,10194
蜝,44136
苗,44600
嘈,65066
曟,60232
檎,48927
熔,93868
犸,47227
枑,41912
淳,30147
喈,62062
醂,14690
迓,31304
吩,68027
霱,10227
复,80407
庅,00232
龎,71211
肇,38507
葩,44617
嬻,44486
挹,56017
堏,40104
聠,18441
省,90602
輣,57020
螮,54127
掁,51032
嘟,67027
藤,44299
氟,80517
謏,07647
矕,22609
蟪,55133
稻,22977
琼,10196
媑,42415
滪,31182
蒧,44253
熽,95827
甪,27220
讯,37710
籘,88293
駇,78340
憸,98086
逎,31306
笼,88414
竉,30211
蝡,51184
觨,21292
膇,77237
柛,45906
呍,61032
迁,32304
螧,54161
括,52064
邕,22717
啫,64060
揧,52502
嶥,21782
呥,65047
譮,08666
因,60804
爃,99894
駥,73350
捻,58032
熩,93817
煻,90865
睬,62094
缷,87720
翔,87520
眃,61032
菾,44338
毖,22334
苉,44711
鴢,27727
笿,88604
口,60000
虑,21231
湴,38112
栄,90904
帤,46227
麋,00294
们,27220
峠,21731
朩,40900
箷,88212
笁,88102
壨,66104
嵡,22127
痸,00120
斩,42521
纼,22100
輏,51064
妣,42410
佳,24214
怨,27331
中,50006
劫,44727
人,80000
銐,12109
俋,26217
鋵,82117
鸃,28353
禇,34260
鱍,22347
墶,44135
崸,21786
榢,43932
涉,31121
巄,21711
綒,22947
脔,00227
帱,45240
嚺,66033
醴,15618
猛,47212
觑,27212
鄎,27327
贙,21806
珒,15107
褿,35266
涬,34141
鎃,82132
稥,20603
魰,20340
肥,77217
焖,97820
宛,30212
描,54060
迦,36300
眛,65090
缬,21182
矿,10600
錉,82164
巶,17617
壤,40132
諁,07647
仿,20227
魑,20512
逽,34306
漏,37127
噫,60036
螳,59114
单,80506
嚠,62000
熘,97862
茕,44417
狦,47250
黬,63350
踙,67140
鏼,88192
砵,15630
礵,11661
轭,41512
叾,17602
孄,47420
凣,27212
阝,77227
经,27112
燑,90815
櫀,44993
氺,90900
瓙,14134
嶬,28753
瘆,00122
班,11114
瓖,10132
鶎,37927
瀩,31186
宔,30104
锣,86727
侎,29294
痠,00147
鹋,47627
烍,94812
屼,21712
癓,00148
嬠,46494
礂,14661
忡,95006
戌,53200
脭,76214
餋,90732
鑢,81136
狱,43284
帝,00227
哘,61021
栀,42912
緌,22944
镝,80727
璘,19159
漃,33147
僳,21294
匓,27720
寞,30804
譩,00636
晲,67012
蠿,17136
繷,25932
羂,60927
犾,43284
丽,10227
櫏,41931
壗,45112
蚗,55180
敠,71447
粲,27904
刻,02800
対,04400
构,47920
洿,34127
堫,42147
舢,22470
益,80102
朒,74227
鈛,83150
坵,42112
暻,66096
廫,00222
鐱,88186
夠,27220
长,42730
莯,44194
聤,10421
婬,42414
囓,67072
鈏,82100
鼍,66716
脼,71227
丈,50000
譒,02669
噌,68066
过,34300
岘,27712
匐,27620
矋,61027
豀,82684
誮,04614
犭,40200
眹,68084
潹,34194
萦,44903
睴,67052
駨,77320
彋,16232
峐,20782
吲,62000
秀,20227
幢,40215
陟,71221
夯,40427
镬,84747
泮,39150
葬,44441
苶,44908
筴,88808
菓,44904
剥,12900
咣,69012
脆,77212
鮍,24347
幻,27720
柞,48911
铇,87712
絪,26900
蔬,44112
颎,21882
墑,40127
燻,92831
粽,93991
标,41991
忪,98032
湟,36114
秓,24947
伐,23250
厼,23900
荸,44407
倡,26260
巟,00212
盭,28102
瀄,38127
窱,30294
钺,83750
爟,94815
闩,37101
镓,83732
枾,45930
呶,67040
茈,44112
疕,00112
鉓,88127
嶯,22453
郘,67627
漳,30146
灠,38112
篷,88305
左,40102
簘,88227
唐,00265
墈,44127
壥,41114
倃,23264
剩,22900
幷,22441
翳,77127
糈,97927
蠚,44136
歮,21111
謇,30601
方,00227
盈,17102
诿,32744
恴,00336
熆,94812
蘥,44227
鷉,77227
茜,44604
族,08284
驇,45327
蹩,98801
紦,27917
鵙,67827
尚,90227
岅,22747
蟢,54161
剁,72900
雡,10215
崛,27772
闗,77333
埨,48127
湶,36192
偍,26281
裑,37240
哧,64031
賹,68812
功,14127
颦,21406
韫,56012
且,77102
铔,81712
卿,77720
诎,32772
穇,23922
櫙,44916
秪,22940
嶜,22601
辖,43565
忌,17331
萢,44112
黒,60331
裖,31232
绸,27120
択,57087
箅,88221
潲,39127
蛟,50148
巯,10112
賝,67894
斈,00407
聩,15482
止,21100
谉,33756
挈,57502
判,92500
躄,70801
皉,22610
潡,38140
榭,44900
曐,60105
颡,71982
囐,63084
欤,27182
扇,30227
霺,10248
鱮,27381
瞸,64094
郻,27327
颥,11282
曹,55606
英,44805
繀,22915
诼,31732
馍,24784
唼,60044
茟,44507
髋,73212
肉,40227
闪,37801
家,30232
齇,21212
匚,71710
蕼,44757
乔,20228
内,40227
圫,42114
晏,60404
飋,71213
奍,90228
礆,18686
穐,27916
宿,30262
灦,31186
体,25230
膂,08227
彪,22212
鯭,27312
悔,98057
裁,43750
鹪,27327
琱,17120
当,90177
軶,53017
疪,00112
堛,41166
訢,02621
拳,90502
亇,27202
璈,18140
瀡,34132
麶,40427
朜,70247
僣,25268
脡,72241
経,27914
隆,77215
吀,62040
蕴,44112
営,90606
爀,94831
酩,17662
籛,88153
芀,44227
螰,50112
斚,22402
桦,44941
克,40212
鄜,07227
秎,28927
郀,47227
箛,88432
称,27992
珉,17147
旋,08281
黹,32227
盍,40102
螚,22136
鏄,85143
衫,32222
娿,71404
鲮,24147
浫,37141
楽,32904
嗍,67020
欧,77782
途,38309
霜,10961
伭,20232
从,88000
郜,27627
蔨,44600
俄,23250
忮,94047
逧,38306
林,44990
宧,30712
汵,38127
煟,96827
豛,17247
耔,57947
鐜,08109
阅,37212
羸,00217
褁,60732
悑,93027
艒,26460
透,32302
釫,81127
弯,00027
謓,04681
鷻,28340
肓,00227
檨,48982
繻,21927
匾,71712
嵘,24794
誩,00661
爊,90831
睗,66027
齘,28720
寡,30227
懯,58334
谷,80608
簰,88246
殿,77247
竱,05143
劢,14227
靪,41520
矲,86812
洍,31112
剻,22200
狃,47212
餬,87720
脴,71269
鸤,77227
潘,32169
矊,66027
钩,87720
莅,44218
吙,69080
絚,21912
餹,80765
栏,48911
孑,17407
湭,38164
啣,67020
饚,84712
裹,00732
锊,82749
囜,60732
褕,38221
蟋,52139
娭,43484
栶,46900
鐏,88146
徳,24236
曻,60250
踘,67120
箎,88217
髀,76240
鄃,87227
荇,44221
榞,41996
色,27717
绬,24185
抺,55090
緺,27927
擑,53050
齳,27752
咗,64012
樳,47946
狍,47212
捕,53027
铼,85790
满,34127
蝾,54194
衲,34227
笊,88232
羖,87547
瀈,37157
齨,27770
亅,20000
鉨,87192
铫,82713
暵,64085
霑,10161
鱪,26364
髾,72227
簐,88582
鏺,82147
睳,64014
哇,64014
蜉,52147
躟,60132
脖,74247
槌,47937
炵,97833
鲬,27127
宮,30602
駺,73332
驳,74140
愿,71239
厵,71296
循,22264
禺,60227
两,10227
賏,66880
莐,44112
瑎,12162
圴,47120
弙,11240
蔸,44212
溴,36184
枙,41912
锿,80732
応,00230
骶,72240
籴,80904
躞,69147
彮,32622
遨,38304
樵,40931
妆,34140
丨,20000
鞺,49514
杫,41910
搡,57094
侠,25280
虁,44407
醛,14614
燛,11809
遶,34301
枍,48927
蘩,44903
鼌,60716
侼,24247
鳋,27136
庨,00247
嬬,41427
圷,41130
啁,67020
玏,14127
鍣,84162
鎨,80141
驉,71312
虹,51112
貑,27247
蜪,57120
忥,80317
箈,88163
縩,27991
憟,91094
娧,48412
穆,26922
你,27292
泵,10902
艠,22418
厶,20730
蚴,54127
歙,87182
扮,58027
伕,25280
軩,53060
苺,44757
舅,77427
譪,04627
僢,22252
漕,35166
咿,67007
蚸,52141
箁,88601
韇,44586
鵽,77427
蕠,44903
掊,50061
溍,31161
吴,60804
攰,44402
田,60400
潠,37181
蠙,53186
适,32306
伌,21212
矙,67020
葑,44140
凋,37120
贬,72832
裥,37220
苅,44420
仑,80712
鰡,27362
礛,18612
尗,21901
杚,48917
炼,95894
蔏,44227
佘,80901
俺,24216
只,60800
翩,37220
讇,07620
郈,77227
酐,11640
猬,46227
绛,27154
龋,22727
南,40227
鬬,77121
堺,46128
擵,50052
癵,00127
孢,17412
匰,71715
汬,55902
抈,57020
擃,55032
维,20115
抡,58012
輋,22506
裕,38268
咽,66000
湤,38112
劚,72200
韏,90506
粻,91932
聀,13450
捰,56094
掸,58056
淙,33191
竏,02140
铀,85760
撛,59059
鶪,67827
琫,15158
断,22721
喻,68021
枟,41932
何,21220
肖,90227
鸢,43127
岖,21714
焲,90847
苎,44102
荘,44114
鯓,27340
尟,69802
锤,82715
嗮,61064
溁,34194
厯,71239
刈,42000
夗,27212
罐,84715
佔,21260
爡,94836
旙,02269
霏,10111
褍,32227
梠,46960
翱,27420
雯,10400
屦,77244
黦,63312
胅,75280
萶,44608
仢,27220
迶,34302
圤,43100
閴,77806
楾,46992
穮,20931
桤,42917
戎,53400
蹖,65177
丄,20100
洧,34127
阩,74200
陛,72214
傫,26293
呀,61040
哈,68061
癠,00123
劀,12200
瘝,00199
倝,48400
瞪,62018
籺,98917
儡,26260
杖,45900
鲦,27194
韅,46533
懥,94081
壱,40712
冚,37772
婢,46440
焪,93827
姵,47410
碌,17699
喹,64014
嘢,67022
厐,71214
讬,32714
叹,67040
懎,94061
軽,57014
桭,41932
芍,44327
羯,86527
骞,30127
劭,14627
缜,24181
龃,27712
雅,70215
蝲,52100
知,86800
桶,47927
猱,47294
镥,87761
狩,43242
曍,66048
鏧,47109
猜,45227
迈,31302
靹,44527
釜,80109
蕨,44282
罧,60994
愔,90061
糠,90999
瓻,41217
佭,27254
賳,63850
忽,27332
狥,47220
砓,17647
鴽,46327
瓺,71717
蓻,44417
澜,37120
镗,89714
臮,26832
枞,48900
讳,35727
擒,58027
昺,60227
奘,24804
瘶,00182
篫,88502
熦,99815
衬,34200
烺,93832
菩,44601
炷,90814
郠,17527
呛,68012
駞,78312
醸,10632
丸,50017
漂,31191
硛,10630
浤,33132
歌,17682
杄,42940
竿,88401
睂,82261
娴,47420
赨,45236
菞,44927
犲,44200
栗,10904
娽,47499
蝊,53181
鋴,84112
掳,51027
子,17407
椝,57904
切,47720
鬃,72901
濋,34181
珮,17110
鲐,23160
增,48166
垔,10104
脋,17227
稳,27937
圆,60802
裀,36200
壿,48146
珌,13104
冠,37214
硿,13612
才,40200
檏,42995
钏,82700
届,77265
椢,46900
糙,94936
縪,26954
螗,50165
脾,76240
僌,28240
豖,10232
旧,26000
蠸,54115
滵,33172
敌,28640
枅,41940
屡,77244
褫,32217
输,48521
屹,28717
吧,67017
嗒,64061
忻,92021
瀭,38121
肦,78227
褮,99732
嬄,44418
沩,34127
脥,74288
鐌,87132
髹,72294
闸,37506
脉,73292
擨,57082
煄,92815
珿,16181
慢,96047
縔,27994
檦,42900
矱,84847
厔,71214
鏳,88166
挙,90502
傸,24284
哚,67094
耱,50962
琊,17127
橗,44927
頋,71286
榡,45993
墒,40127
窼,30904
疯,00117
蜩,57120
损,56082
龊,26781
幜,46296
礍,14627
缸,81712
莃,44227
隞,78240
键,85740
瘫,00115
嚲,06456
虣,11117
垕,72214
燇,98846
耉,44627
鋉,85196
碱,13650
鮸,27312
昣,68022
卌,44000
輖,57020
萻,44601
麸,55480
诊,38722
舟,27440
蠂,54194
苾,44334
黄,44806
锎,87720
闹,37227
嘾,61046
蹊,62184
憰,97027
姧,41440
糩,98966
靻,47512
柷,46912
瀌,30131
郚,17627
劐,42400
陪,70261
伀,28232
熜,96830
饡,84786
虩,91917
垢,42161
泃,37120
庣,00213
眯,69094
瑘,17127
湃,31150
脐,70224
骊,71127
苳,44303
礓,11616
芌,44027
剿,22900
坟,40140
荶,44627
婃,43491
踨,68181
旕,08612
犴,41240
徰,21211
鈫,80140
阥,72290
膌,72227
躆,61132
嬱,32404
袍,37212
奔,40444
县,77732
狲,49200
鐈,82127
襩,34286
髐,74212
遣,35307
璼,18112
怟,92040
抚,51012
土,40100
训,32700
痐,00160
照,67336
澈,38140
柅,47912
鶑,99327
実,30805
毴,21711
鮯,28361
肪,70227
箌,88123
漤,34144
悜,96014
揬,53084
杆,41940
卅,44000
擦,53091
辄,41512
倨,27264
撎,54018
嬏,42469
衣,00732
卛,22409
钿,86700
梳,40912
赣,07482
蕲,44521
蚁,54103
譠,00616
胰,75282
魩,27320
钡,87782
岚,22217
玘,17117
帟,00227
儢,21236
觲,28251
加,46000
獾,44215
物,27520
蕈,44406
智,86600
鰋,21314
隲,79221
緕,20924
厛,71221
鼣,73784
酰,14612
活,32164
睨,67012
剉,82100
敷,58240
戴,43850
礖,17681
笧,88447
鲶,28132
泘,32149
螬,55166
涪,30161
屘,77214
鯼,22347
许,38740
鱀,71336
襘,38266
阫,71290
剡,92800
铤,82741
骈,78141
薹,44104
櫾,42993
暝,67080
岹,27762
籦,88115
袿,34214
俱,27281
杏,40609
烝,17331
虱,17110
煹,95847
豳,22770
蜴,56127
篝,88447
洐,31121
樱,47944
柕,47922
蛐,55160
兝,48212
髿,72129
波,34147
蒃,44232
熤,97818
眵,67027
诂,34760
锧,82782
溊,37147
靔,58217
搴,30502
渗,33122
盱,61040
皒,23650
櫊,47920
添,31138
儙,25237
丣,10777
轋,55030
錋,87120
匆,27420
篒,88732
杩,47927
櫡,48964
劾,04827
另,60427
噜,67061
哛,62227
抱,57012
懔,90091
葀,44564
吥,61090
胥,17227
躷,22244
铢,85790
糖,90965
裂,12732
橎,42969
焒,96860
轛,54000
莭,44727
彗,55177
脠,72241
墴,44186
蜇,52136
嗅,66084
嶞,74772
簏,88212
萀,44217
聭,16413
焓,98862
捷,55081
嵋,27767
趔,42800
捌,52000
聍,13421
鷱,27427
圸,42170
饕,61732
产,00201
车,40500
璀,12115
蝋,59117
眓,63050
煊,93816
龣,87299
坱,45180
痚,00147
嚬,61086
蛨,51162
痬,00127
芺,44804
鱻,27336
悷,93084
桾,47967
饔,00732
宻,30772
鏣,80137
鯹,26315
灪,34122
懹,90032
逅,32306
碎,10648
饘,80716
颤,01182
腿,77233
稘,24981
麿,00266
湱,35162
孷,58247
苑,44212
荌,44404
馺,77347
鞱,42577
胠,74232
寪,30227
鲭,25127
褥,31243
慁,60330
郿,77227
颧,41282
椛,44914
莓,44757
榲,46912
樴,43950
很,27232
蕃,44609
砰,11649
儏,27294
夓,77407
覹,68240
閪,77604
偫,24241
唵,64016
稃,22947
趮,46809
蒈,44602
媙,43450
颇,41282
瑺,19127
娫,42441
唜,50612
茨,44182
眧,67062
鯦,23364
昿,60032
酣,14670
邳,17127
的,27620
爪,72230
懋,44339
鑫,80119
橺,47920
勲,24332
责,50802
蟆,54184
窏,30141
弟,80227
幡,42269
夆,27504
櫠,40947
赞,24802
煐,94885
怵,93094
簈,88241
僈,26247
渽,33150
螏,50184
闭,37241
睚,61014
涎,32141
娛,46484
氎,62114
崋,22504
棥,44990
冺,37147
謷,58601
险,78219
瞏,60732
洤,38114
莲,44305
俏,29227
矧,82800
荂,44027
蟽,54135
狑,48232
聘,15427
献,43284
泰,50909
闻,37401
糇,97984
嬢,40432
衯,38227
秭,25927
氚,80217
娔,44412
祾,34247
陥,77262
驧,77320
殱,13250
慜,88334
祹,37220
仳,22210
踩,62194
徜,29227
欟,46912
枎,45980
柼,43982
厰,71248
籿,94900
蛎,51127
眷,90608
娬,43440
示,10901
刔,52800
劗,22800
漾,38192
刯,12100
垃,40118
郪,57427
櫕,45986
覒,26712
漮,30199
簭,88608
睕,63012
謶,00637
罪,60111
尅,44210
番,20609
澿,34191
溆,37140
潸,34127
駜,73304
桇,46904
繘,27927
荑,44802
鈻,87177
玾,16150
翟,17215
良,30732
沴,38122
溔,38131
拲,44502
闏,77217
鴅,77427
骎,77147
曱,60401
聊,17420
匤,71711
飠,80737
哞,63050
飒,07110
荥,44902
痽,00115
邶,17127
给,28161
钓,87720
纳,24127
贌,62885
蒜,44991
寤,30261
鷝,67527
簁,88281
肢,74247
羐,11807
巤,22712
埙,46182
鄵,67927
媏,42427
菒,44904
憯,91061
睿,21608
蝐,56160
喨,60017
慱,95043
酞,14630
蚥,58140
鳇,26114
晡,63027
緷,27952
菶,44508
轁,52077
迌,37302
侳,28214
蔯,44296
讽,37710
弾,19250
词,37720
鷅,17927
湷,35168
洃,34189
湮,31114
鯲,28333
匦,71711
陵,74247
炏,99880
乿,22910
虞,21284
杳,40609
杽,42950
铿,87714
桝,45900
恇,91011
羘,78251
賯,67847
昂,60727
麄,80212
裞,38212
囯,60104
鬓,72801
锖,85727
亲,00904
撂,56064
郭,07427
縇,23916
繠,33903
闿,37717
辥,20741
钢,87720
汉,37140
縢,79293
谼,84681
稼,23932
訷,05606
挄,59012
汿,37122
舶,26402
硱,16600
鳢,25118
暗,60061
釸,87120
隼,20401
墸,44164
囡,60404
丿,20000
皀,26712
蝁,10136
弱,17127
氰,80217
囄,60015
臿,20777
儋,27261
哰,63052
亴,00417
叇,15739
招,57062
鹍,67727
胤,22010
祽,30248
駋,77362
羇,60521
值,24212
弁,23440
鲔,24127
鯻,22300
畽,62015
奿,54014
肏,80227
踽,62127
嫮,41427
舌,20604
鲯,24181
黟,67327
妉,44412
梐,42914
宖,30232
瘇,00115
徧,23227
僓,25286
嬂,43450
轒,54086
噽,41619
碮,16681
弖,17102
戙,73250
絮,46903
耝,57912
蕸,44304
鳏,26199
牝,22510
趑,47808
肽,74230
邂,37305
潭,31146
瘄,00161
篸,88202
嘯,65027
蛊,50102
珫,10112
铁,85780
璥,18140
踑,64181
鰑,26327
渝,38121
蛰,55136
恹,91084
蟂,57194
蓃,44407
鮛,21391
那,17527
纽,27112
刾,52800
香,20609
箮,88106
缕,29144
蠊,50137
讙,04615
逭,33307
墀,47159
醰,11646
浘,37114
柀,44947
昵,67012
褔,31266
僶,27217
樠,44927
坬,42130
妹,45490
偮,26241
椈,47920
舆,77801
骋,75127
缮,28161
砫,10614
鲢,24135
袽,36200
櫷,47917
巚,22284
迩,37309
竎,00441
麊,90212
癿,22610
鷵,77227
棾,44217
尧,50212
頄,41086
褣,33268
颏,01882
梶,47914
桜,42944
蜥,52121
鰸,21316
汄,38100
綋,23932
炿,97840
丝,22101
畻,69014
钧,87720
寙,30232
钚,81790
螾,53186
舎,80601
偂,28221
堚,47152
姝,45490
濨,38133
渎,34184
锋,87754
馥,28647
冮,31112
銤,89194
痱,00111
涌,37127
慽,93050
姾,48414
琴,11207
銂,82100
鸰,87327
绪,24160
洋,38151
瓃,16160
妱,47462
梗,41946
澫,34127
桼,40909
勣,54827
瘯,00184
粑,97917
蒺,44184
箍,88512
劖,22400
煳,97820
逜,31306
洺,37162
砎,18620
惂,97077
酾,11627
湡,36127
孤,12430
辏,45584
嶪,22905
熌,97820
宽,30212
浶,33152
朹,44917
纾,27122
橂,48984
靟,11714
蕍,44121
书,53027
鮏,25310
华,24401
噵,38603
獕,42215
撖,58040
閦,77888
膢,75244
溋,37112
宪,30212
柗,48960
焳,90815
嵩,22227
觤,27212
既,71712
孈,42427
轝,77506
僠,22269
啾,69080
盟,67102
聕,14461
垉,47112
蘖,44904
谬,37722
勘,44727
眲,61040
笌,88241
昛,61017
鱶,28332
筘,88563
肻,21227
硆,18661
瓲,15711
脙,73299
鋎,83112
恣,37338
暜,00601
邚,47427
巑,24786
籣,88227
巩,17110
炲,93860
畞,40687
腷,71266
舗,83627
琢,11132
摠,56030
鳠,24147
谚,30722
狟,41216
睸,67067
黝,64327
鈗,83112
倍,20261
櫩,47920
鞘,49527
叻,64027
嬝,47432
軣,50808
淎,35158
朿,50902
夈,27904
鮻,23347
嘳,65086
艀,22447
祯,31282
喁,66027
昰,60101
蓛,44948
矶,17610
蒝,44296
迤,38301
浰,32100
舮,23407
蒔,44641
执,55017
吊,60227
澏,36172
僛,27282
蘃,44904
仄,71280
剙,87430
偛,22277
圐,60227
陱,77220
覴,16112
襰,37286
褗,31214
蒢,44294
欺,47882
蕧,44247
霚,10248
歼,12240
埶,45117
哝,64032
径,27212
恸,94027
淆,34127
鉾,83150
砯,19690
烩,98832
邜,27227
炉,93807
萐,44801
蘹,44932
苤,44109
竓,02114
禝,36247
垑,47127
桳,43948
麆,00212
胚,71219
爇,44331
坩,44170
靮,47520
唞,64000
蘸,44631
辐,41566
慵,90027
厃,27201
洟,35182
觮,27299
瑹,14194
苐,44227
振,51032
弽,14294
棜,48933
橭,44941
犹,43212
稤,20996
意,00336
跭,67154
囍,44661
璔,18166
纗,22927
昴,60727
汦,32140
收,28740
乕,72227
咉,65080
磗,13642
弝,17217
亢,00217
喔,67014
椇,47981
渵,34160
漅,32194
篘,88427
艅,28494
州,32000
呞,67020
秕,22910
鬑,72237
徐,28294
赎,74884
要,10404
音,00601
琒,17154
蜫,56112
檙,42927
儛,28251
薯,44604
頙,11186
昻,60127
邭,27627
逐,31303
穒,20327
氉,62914
獘,98804
儇,26232
拝,51050
耶,17427
遾,38301
玲,18132
旚,08291
滢,34113
簳,88441
橿,41916
齢,28732
搯,52077
窫,30804
孥,47407
蛢,58141
魠,22314
蛑,53150
傥,29212
閛,77409
楅,41966
脿,75232
憽,94032
纑,21912
蝠,51166
圩,41140
黤,64316
庩,00294
舂,50777
謦,47601
鍸,87120
桏,47927
痰,00189
霎,10404
諚,03681
戬,13650
湗,34100
戮,13250
憍,92027
讠,30700
惹,44336
鎞,86112
绍,27162
弗,55027
兪,80232
芎,44027
袾,35290
饮,27782
誁,08641
瓾,21417
磙,10632
曃,65039
溭,36147
棅,42997
僼,25218
衈,21140
睭,67020
鳸,30227
淛,32100
绉,27177
箟,88712
炙,27809
檬,44932
麀,00212
着,80605
円,77220
坙,10104
鄱,27627
湨,36184
暌,62084
慿,31332
揠,51014
郂,07827
痼,00160
厬,71264
冦,77214
轞,58012
歶,22227
悖,94047
躺,29227
玌,12110
蜧,53184
衧,31240
盎,50102
璟,16196
摻,53022
豥,10282
峛,22227
梥,30904
燵,94835
蛄,54160
簇,88284
果,60904
靊,10108
嗏,64094
稖,20961
踇,68157
猑,46212
鲵,27112
咚,67033
氢,80117
畛,68022
徲,27259
祢,37292
瀗,33136
鍿,82163
晙,63047
况,36112
妘,41432
薀,44112
台,23600
襎,32269
熞,97814
踌,65140
唃,67027
瓽,90717
汯,34132
鼄,25717
报,57047
荆,42400
謼,01649
鼑,21227
繵,20916
俪,21227
毡,21716
娶,17404
苨,44212
盂,10102
蚒,57140
豊,55108
铈,80727
椱,48947
脩,27227
杨,47927
崏,22764
泋,34140
曏,67027
快,95080
悫,40331
摅,51031
袻,31227
飌,47210
嗼,64084
狕,44227
鬎,72922
蛛,55190
耙,57917
此,22110
呖,61027
党,90212
薃,44127
棠,90904
鞖,42544
睐,65090
溌,32114
匹,71711
颚,61282
偘,26260
遢,36302
蟡,52127
菰,44432
嫯,58404
讹,34710
鞃,42530
擝,57012
嗵,67032
馀,28794
錹,81127
賷,40806
偟,26214
蠋,56127
狒,45227
娂,44481
畓,12609
呷,66050
递,38302
对,74400
谨,34715
江,31112
帺,44281
飳,80714
曙,66064
韬,52077
湒,36141
狘,43250
话,32764
珻,18157
刽,82700
哳,62021
偸,28232
懄,94027
蹯,62169
警,48601
静,57257
揪,59080
趿,67147
雹,10712
某,44904
轧,42510
蟑,50146
裍,36200
崅,27727
蒍,44327
薳,44303
噓,61017
狆,45206
秡,23947
灮,90212
牙,71240
笪,88106
灓,22902
啭,65032
鼨,77733
贩,72847
舷,20432
楹,47912
嶷,22881
璳,15186
鳹,87227
漡,38127
蝛,53150
敟,58840
偕,22262
轗,53035
炽,96880
碦,13664
挘,59027
谻,87610
孺,11427
軯,51049
乏,20302
情,95027
牣,27520
盥,77102
躮,28227
拍,56002
粐,93907
漝,37162
冑,50227
峁,22727
譧,00637
肟,71227
挆,57094
嬼,42400
界,60228
瓑,11111
躗,21801
湎,31162
哬,61020
崓,26700
盒,80102
韊,44527
暪,64027
毵,22214
梉,44910
垬,44181
膺,00227
磛,52602
稬,21984
齼,24781
腺,76292
梫,47947
埵,42115
軠,52014
迍,35301
蝏,50121
煅,97847
螖,57127
栢,41962
袂,35280
噱,61032
暃,60111
及,17247
虺,15213
壈,40194
壡,27614
嶂,20746
孠,17407
敆,81647
赜,75782
軙,51047
禤,36227
龝,27917
捴,58033
枚,48940
署,60604
笹,88717
鼅,86717
蕌,44666
溶,33168
师,21027
躣,66115
耭,52953
鍹,83116
妠,44427
斯,42821
竭,06127
勂,24627
郬,57227
梖,46980
蝗,56114
蘙,44127
弓,17027
清,35127
濏,31134
悠,28334
肚,74210
託,02614
蝳,55157
犱,45217
艆,23432
幠,48231
虄,44115
芅,44403
折,52021
錭,87120
煂,94856
遴,39305
椆,47920
娢,48462
腅,79289
塇,43116
侑,24227
练,25194
肝,71240
蘱,44886
鼓,44147
朤,77227
萎,44404
鶈,57427
镭,81761
堰,41114
犠,28553
腁,72241
笑,88804
嵷,28781
赩,47217
覭,36812
卻,87620
轪,44580
心,33000
齈,25232
薕,44237
錜,88132
翻,27620
到,12100
灿,92870
鍙,34109
躎,61127
嫺,47420
近,32302
獗,41282
辬,00441
却,47720
豴,10227
骤,77132
皋,26408
芉,44401
飊,97810
齛,24717
趻,68127
鳰,87027
莑,44504
镯,86727
姈,48432
璜,14186
喱,61015
遏,36302
煛,66809
嚘,61047
詚,06610
稒,26900
苛,44621
醪,17622
薻,44194
臹,13150
镵,87713
磨,00262
禬,38266
笫,88227
鉎,85110
毓,80712
兀,10212
瑮,11194
鐪,81127
璆,17122
傡,20218
懧,93021
瘎,00118
膐,08227
怏,95080
燥,96894
缴,28140
湵,38187
蔠,44933
宯,30407
坃,41112
崞,20747
觇,27612
慷,90099
傏,20265
妕,45406
侧,22200
鈟,87127
讱,37720
摥,58027
儞,21227
襦,31227
傼,24285
庚,00287
柮,42972
蜐,54127
飡,38132
镹,77780
嬆,48427
魁,24510
攋,57086
卄,44000
榵,44941
詍,04617
逡,33304
镃,88732
韐,48561
钽,86710
螱,74136
瀇,30186
緵,22947
麎,00232
辫,00441
晞,64027
撰,57081
嚑,62031
欨,27682
翤,67220
妲,46410
髑,76227
官,30777
锃,86714
槞,40916
鼲,77752
哊,64027
蟙,53150
傕,24215
惺,96015
韟,46548
皯,41240
舓,26627
艎,26414
棂,47989
嚐,69061
纮,24132
舍,80604
仩,21210
确,17627
湘,36100
赶,41804
净,37157
虿,10136
咩,68051
抑,57020
凂,37112
稠,27920
噼,60041
舫,20427
邼,77727
欫,87182
敐,78240
蜶,50148
铵,83744
螟,57180
蜭,57177
穁,24941
禗,36230
邪,77227
菑,44603
同,77220
歃,27782
兯,80227
襽,34227
暖,62047
拞,52012
粶,97999
笤,88602
嫥,45443
瘀,00133
豞,17220
疳,00174
丌,10220
趫,42802
璪,16194
榊,45906
隌,70261
寉,30215
尉,74200
鞎,47532
昮,60127
缉,26141
豯,12284
溞,37136
空,30102
聴,14436
茺,44212
鼹,76744
睖,64047
颁,81282
羜,83521
鈙,81147
漽,37159
嫛,77404
訨,01610
嶵,26711
捑,56084
甥,26127
枘,44927
涤,37194
歹,10207
陡,74281
凹,77770
仝,80102
軂,29227
眭,64014
瘮,00122
饸,28761
苁,44880
籁,88982
誙,01612
屉,77217
軈,20231
燩,98840
颓,21282
帴,43253
徊,26200
漓,30127
廱,00215
篚,88711
韶,07662
誀,01640
謰,05630
莚,44401
咓,61017
鑂,82131
兏,71212
井,55000
懪,96099
鷘,58327
椖,43927
蕐,44508
艌,28432
鹲,47227
鵴,27927
眸,63050
臎,77248
步,21201
髟,72722
歧,24147
瘑,00127
喇,62000
鑖,84153
殏,13299
狞,43221
墯,94104
乭,10717
涛,35140
礚,14612
坝,47182
鋬,52109
遀,34302
巉,27713
樬,46930
薲,44806
謮,05686
験,78386
眣,65080
莽,44448
枢,41914
萤,44136
湢,31166
袙,36202
鐕,81161
菷,44227
穯,24961
矇,64032
垾,46141
璬,18140
輹,58047
晚,67012
选,34301
鋍,84147
摒,57041
飅,71216
壀,40141
材,44900
呱,62030
炝,98812
墱,42118
翁,80127
菸,44233
螒,48436
淂,36141
騹,74315
嬍,48440
甙,43700
池,34112
亗,22101
愶,94027
楧,44985
禜,99901
硃,15690
蚋,54127
钛,84730
仲,25206
刮,22600
暯,64084
熣,92815
陔,70282
律,25207
鞻,45544
菌,44600
有,40227
餰,81721
淕,34114
砻,43602
躇,64164
虔,21240
鴮,47227
矰,88866
陲,72215
拽,55006
悻,94041
嘦,60404
鼿,21212
锗,84760
禅,38256
嶈,22242
元,10212
抮,58022
囉,66015
縘,22984
眞,22801
磵,17620
惿,96081
洽,38161
廔,00244
霒,18727
繂,20943
莔,44600
焘,50334
戁,40331
莿,44920
觹,20227
姎,45480
曈,60015
沦,38112
玗,11140
畲,80609
翝,37720
馼,70340
紻,25980
觘,29220
筳,88401
锷,86727
抶,55080
栝,42964
佡,28272
湿,36112
屖,77241
读,34784
瓣,00441
珙,14181
粉,98927
蚩,22136
掚,51027
庝,00233
攨,53032
絑,25990
囚,60800
瑗,12147
拓,51062
睊,66027
渮,34121
袦,32272
甁,21417
瑭,10165
戊,53200
醟,99604
坛,41132
竣,03147
焴,90827
鳻,87227
廜,00264
煎,80332
酎,14600
哖,68050
盵,68017
幇,44227
艉,27414
欜,45932
侊,29212
颛,21282
自,26000
冼,34112
隋,74227
舭,22410
媬,46494
找,53050
櫘,45937
汱,33184
峂,27733
慀,92084
暲,60046
祤,37220
主,00104
鼙,44406
勉,24412
臄,71232
篊,88181
验,78119
暤,66048
硌,17664
馩,24686
挥,57054
慲,94027
趍,47802
椹,44918
僬,20231
遽,31303
箤,88408
轴,45560
棵,46994
蜱,56140
翖,87620
鐬,81153
篁,88104
唧,67020
捁,54061
蠄,58127
沖,35106
茙,44453
楏,44914
窢,30153
抻,55006
庌,00241
嵓,22666
孰,05417
好,47447
笨,88234
偺,23264
驙,70316
樇,47927
硂,18614
齫,26700
箼,88214
均,47120
趎,45809
賰,65868
鹠,77627
瞆,65082
蚣,58132
雍,00215
薖,44302
愅,94056
輑,57067
荳,44108
悩,99072
捉,56081
寱,30294
瀀,31147
髛,07217
哽,61046
遒,38306
呹,65080
譳,01627
嵳,22102
妺,45490
唳,63084
融,15236
撙,58046
袨,30232
懈,97052
譄,08666
舻,21407
峤,22728
爝,92846
碹,13616
綝,24990
蓴,44343
飔,76213
乣,22710
癋,00131
钅,80704
埍,46127
嘥,61081
棚,47920
缔,20127
觱,53227
辍,47547
帕,46202
喐,67027
弭,11240
繲,27952
炞,90830
嫩,48440
褎,00732
蝣,58147
铚,81714
庛,00212
唰,62000
笞,88603
讣,33700
粢,37904
秤,21949
謜,01696
朠,74285
狺,40261
倏,27284
柫,45927
卾,67220
梚,47912
潴,34160
霹,10241
猌,43984
內,40227
琜,14198
鸵,23112
嵔,22732
衟,21221
麾,00214
限,77232
箴,88253
熍,93866
蟳,57146
漪,34121
惶,96014
睡,62015
襗,36241
阢,71212
汭,34127
鼩,77720
芨,44247
怈,94017
崉,22769
砣,13612
羱,81596
怴,93050
礒,18653
邋,32301
蹄,60127
醓,14612
酅,27227
媜,41486
曵,53000
絴,28951
诩,37720
禛,34281
锵,87742
涃,36100
椨,40940
弒,43940
滚,30132
苋,44212
噀,67081
耂,44000
咂,61012
志,40331
籱,88215
硔,14681
籈,88117
椠,42904
恦,97020
藉,44961
磭,11627
癗,00161
觏,57412
憡,98092
陴,76240
嶎,22247
日,60100
禯,35232
鸸,17227
旦,60100
澸,33135
烮,12809
鳨,24327
諴,03650
独,45236
硋,10682
义,40003
瘜,00136
藑,44407
玃,46247
沪,33107
炆,90840
窊,30232
氶,17902
扈,30217
患,50336
髧,72412
趭,40803
易,60227
牱,21520
膖,77235
蒳,44927
骳,74247
锰,87712
擙,57084
熓,97827
鷜,57427
鰆,25368
僝,27247
哉,43650
悰,93091
屻,27720
櫔,41927
羁,60527
糬,96964
罬,60447
鄻,57527
嶚,22906
苴,44102
慯,98027
甡,25110
一,10000
尩,81211
泭,34100
窙,30407
哢,61041
腱,75240
魃,23514
铃,88732
埗,41121
乬,71717
炊,97882
橛,41982
粫,91927
涱,31132
蓦,44127
始,43460
觢,57227
酉,10604
浉,31127
勶,28427
搘,54061
豘,15217
仆,23200
拎,58032
辙,48540
借,24261
慔,94084
卆,40401
渋,31181
焙,90861
誴,03691
嚅,61027
娇,42428
嶣,22331
蒬,44413
廍,00227
桩,40914
艬,27413
蜸,77136
谜,39739
佥,80109
蝮,58147
搀,57033
痥,00112
飚,79218
怜,98032
痄,00111
刏,82000
澲,32195
衼,34247
瘾,00137
鸷,55127
箑,88801
媮,48421
睦,64014
亽,80300
垎,47164
鱎,22327
吟,68027
怓,97040
緈,24941
齅,26284
魔,00213
沼,37162
竌,07110
削,92200
谳,33784
总,80336
汲,37147
拴,58014
核,40982
躝,67120
辶,30300
鹑,07427
坌,80104
薨,44212
鷟,08327
坑,40117
纱,29120
婙,47457
潋,38140
侥,25212
艊,26427
喳,64016
揯,51012
訆,02600
掂,50061
基,44104
跗,64100
嬕,46441
怖,94027
揼,51092
庡,00232
鞝,49527
炗,44809
兙,44210
銁,87120
卐,21127
赯,40265
浍,38132
涝,34127
倬,21246
旘,03250
刵,12400
嫢,56404
滧,38140
圠,42110
醈,19689
双,77440
秶,37904
孙,19400
丱,22770
茧,44136
崝,25727
询,37720
矢,80804
窨,30601
胃,60227
凇,38132
蜺,57112
痩,00147
狻,43247
矸,11640
酹,12649
挺,52041
虼,58117
鶐,37327
燷,90891
瑌,11184
溩,37127
俣,26284
蛋,17136
舯,25406
雮,10714
嵝,29744
扺,52040
栦,42900
顿,51782
苸,44409
怆,98012
穓,26981
砨,13617
韂,47561
泥,37112
鹔,57227
寥,30202
譑,02627
诏,37762
雔,20215
暩,67091
毛,20714
垡,23104
屒,77232
尓,80900
灆,34112
霳,10215
髵,72227
枫,47910
禳,30232
宀,30320
牳,27550
藗,44308
慺,95044
袠,00732
莙,44607
骚,77136
荠,44224
甯,30227
薚,44227
惜,94061
伹,27212
霣,10806
卯,77720
啔,33605
駤,71314
褵,30227
迄,38301
卩,77220
杘,77294
预,11282
聁,18427
觟,24214
撇,58040
笎,88212
讝,06648
疰,00114
龥,81286
寷,30108
泤,38100
訠,02600
舚,27661
郖,17127
腩,74227
昪,60443
岗,22227
把,57017
块,45180
粠,94981
澪,31132
冖,37020
畕,60600
薴,44201
幾,22453
畮,68057
畃,57020
撽,58040
嚽,68086
睈,66014
犝,20515
怂,88330
耹,18427
鷑,87127
谂,38732
徶,28240
轨,44517
侄,21214
祝,36212
妰,48411
奝,40227
暔,64027
剈,62200
渒,36140
蹬,62118
韢,45533
衵,36200
袖,35260
丏,10027
戾,30284
駯,75390
鴸,27927
騠,76381
窷,30427
捧,55058
厑,71212
鑓,85137
皨,26104
吨,65017
阃,37601
偹,27264
若,44604
饴,23760
瞝,60027
倛,24281
膅,70265
噳,61084
玒,11112
嘝,64000
匠,71712
篼,88212
愍,78334
鹼,28686
澍,34100
棆,48927
栻,43940
赚,78837
檅,41953
詽,01640
葫,44627
豤,17232
縠,47947
愲,97027
陈,74294
倦,29212
彍,10286
烥,91812
憓,95033
魽,24370
妑,47417
膊,73242
綟,23984
幽,22770
仈,28200
訹,03694
韴,01627
豁,38668
僔,28246
蕔,44447
湉,32164
失,25800
踊,67127
逞,36301
瑏,13141
咍,63060
丙,10227
炄,97812
鸓,67627
三,10101
腥,76215
誋,07631
邙,07727
举,90508
鍧,87120
値,24216
我,23550
宂,30217
鹝,17227
膑,73281
啽,68046
瓷,37717
臃,70215
曧,60236
袎,34227
犽,41240
狚,46210
锥,80715
件,25200
麑,00212
坮,43160
蓶,44615
嫪,47422
蓭,44216
愇,94056
哺,63027
琧,10103
寏,30804
縁,27932
碴,14616
鑋,51109
嚹,61049
痆,00112
耴,12410
泸,31107
鷌,21327
蕽,44232
韷,02672
蝌,54100
蟊,17136
揟,57027
荒,44212
迚,35300
鑩,81116
煮,44336
颪,10217
筕,88221
蕛,44927
徢,25281
擛,54094
礢,18632
皤,22669
痦,00161
帡,48241
灎,34112
鑺,86115
熧,28809
鵕,27427
坤,45106
朐,77220
笮,88211
轕,54027
禫,31246
痓,00114
焹,97820
詨,00648
矷,17647
褷,31281
稇,26900
昉,60027
殉,17220
喥,60047
谠,39712
詊,09650
襄,00732
纡,21140
姽,47412
褾,31291
道,38306
座,00214
橡,47932
渳,31140
沗,10909
倄,24227
碽,11686
愪,96086
嫉,40484
懳,95037
瀸,33150
鎯,87127
牤,20510
仌,80800
互,10102
岼,21749
别,62400
焗,97827
贃,65836
偈,26227
霝,10661
琪,14181
蠵,52127
鼶,72717
铆,87720
蔾,44904
咄,62072
湾,30127
鼒,40227
珈,16100
靠,24111
宍,30800
啎,81461
澼,30141
聺,13491
旡,10412
廘,00212
裘,43732
齃,26227
卤,21600
竘,07120
埈,43147
崷,28764
属,77227
袢,39250
海,38157
渥,37114
菔,44247
肵,72221
弣,14200
辻,34300
娣,48427
骑,74121
跜,67112
肌,77210
珏,11113
鷎,27427
媄,48484
呇,12609
磸,18684
踬,62182
溏,30165
桱,41912
夼,40228
鵤,27227
孻,15412
笟,88232
必,33004
苜,44600
镤,82785
簿,88142
睆,63012
唻,64098
楩,41946
堕,74104
烑,92813
皣,24654
诙,34789
洅,31147
倠,20215
蕶,44302
吖,68027
殣,14215
鹀,17127
显,60102
涵,37172
儭,26212
谔,36727
怀,91090
得,26241
銒,81140
衢,21221
猞,48264
置,60102
种,25906
勓,24627
伷,25260
尬,48012
頿,21186
鬟,72732
澋,36196
紫,22903
毳,20714
噖,61027
皝,29112
渀,34144
珅,15106
瑍,17184
迸,38304
嚣,66668
咆,67012
玊,10104
酌,17620
冟,37712
鞴,44527
篴,88303
缏,21146
鷽,77327
錡,84121
汗,31140
鶫,57927
孅,43450
摽,51091
馚,28627
廲,00212
扣,56000
沚,31110
澷,36127
鴄,77727
乌,27127
纝,26993
夽,40732
抗,50017
湛,34118
致,18140
帼,46200
繎,23938
樨,47959
琛,17194
赵,44800
手,20500
欲,87682
鑇,80123
彾,28232
堹,42115
惵,94094
爈,91836
羪,83532
鯠,24398
覕,36012
笻,88127
徖,23291
顈,21986
噧,64027
饇,81716
癈,00147
奼,42414
藈,44684
粍,92914
岋,27747
讏,21601
狨,43250
壌,40132
祰,34261
鱰,26364
廐,00212
部,07627
棐,11904
虾,51130
徔,24232
髲,72247
羼,77251
学,90407
溉,31112
柈,49950
漩,38181
夹,50800
鰰,25306
搼,59052
熼,96881
坎,47182
漙,35143
诸,34760
幒,46230
郉,17427
夸,40027
斗,34000
脳,79260
晑,60227
泦,37117
鹌,47727
佈,24227
潓,35133
弼,17227
珬,13150
锆,84761
卣,21600
萧,44227
犵,48217
扒,58000
袤,00732
硕,11682
弜,17227
冭,40103
槄,42977
厨,71240
谤,30727
垩,10104
挒,52000
鱙,24312
鳵,17427
玪,18127
偝,22227
檶,44916
俚,26215
魜,28300
者,44600
疋,17801
旂,08221
为,34027
疶,00117
听,62021
鯃,21361
韕,40547
灹,92814
忐,21331
瑥,16112
珄,15110
躐,62112
梛,47927
铑,84712
觽,22227
瞤,67020
翈,67520
鄓,27827
鹕,47627
曯,67027
菈,44518
沠,32130
峟,22227
禉,38264
褈,32215
畭,68094
饫,22784
膻,70216
惦,90061
骓,70115
稽,23961
鄍,37827
忏,92040
亳,00714
尮,47019
嫜,40446
森,40994
纞,22939
狙,47212
峸,23750
遧,30304
錂,84147
灞,31127
灚,37112
镏,87762
譱,80661
搅,59012
蟠,52169
犚,74500
铗,85780
姳,47462
镙,86793
揣,52027
滰,30112
匧,71718
娳,42400
鱴,24353
韒,49527
脽,70215
圎,60806
希,40227
嵭,20727
堽,46111
巷,44717
屁,77212
缢,28112
癀,00186
鹛,77227
渄,31111
鬻,17227
郯,97827
噶,64027
鏎,86154
廒,00248
祷,35240
厄,71212
囊,50732
茤,44207
殝,15294
月,77220
浒,38140
蘾,44132
镢,81782
敯,71647
睓,65081
梆,47927
菱,44407
肙,60227
京,00906
秚,29950
岱,23772
裬,34247
旮,40601
瓸,11716
盶,61012
竦,05196
磴,12618
夲,40408
纂,88903
齿,21772
葎,44257
蹧,65166
弐,13140
咋,68011
鲫,27120
盾,72264
换,57084
郅,17127
孆,46444
沋,33112
呿,64032
磼,10694
襶,33250
傜,22272
莋,44211
狝,47292
嫊,45493
帗,43247
鳓,24127
弑,43940
蓱,44141
囝,60407
蛶,52149
鍌,34109
瞐,60660
牶,90508
愹,93068
曦,68053
澽,31132
玈,08732
淯,30127
觪,20241
捚,56015
跸,62141
衿,38227
鞐,41531
椀,43912
鲃,27117
匄,27720
婷,40421
洠,33150
餙,84727
跿,64181
抸,52032
肩,30227
愱,90084
剼,22200
庙,00265
帠,77227
俶,27240
繨,24935
襜,37261
剟,72400
喕,61062
鎻,82186
毞,22714
昌,60600
艕,20427
婘,49412
斘,24200
澺,30136
穏,22937
秛,24947
忓,91040
缝,27135
麽,00232
懃,44332
絟,28914
畦,64014
蟚,42136
鑶,84153
臬,26904
峕,22600
刞,72100
牵,40502
众,80880
笈,88247
排,51011
嫔,43481
瀣,37111
貄,25207
铯,87717
捙,55006
鸋,37227
眎,61091
墺,47184
掼,57082
汞,10902
刱,57030
媚,47467
捏,56014
唓,65006
隭,71227
臫,22610
掿,54064
忯,92040
尠,49720
欛,41927
晄,69012
故,48640
脘,73212
岽,22904
猖,46260
龡,87282
爨,77809
栴,48947
瀼,30132
槿,44915
剞,42600
鳉,27142
燱,90836
棋,44981
糼,24927
誌,04631
凊,35127
脝,70227
搄,51016
穃,23968
笡,88102
饺,20748
瞄,64060
輄,59012
幩,44286
涓,36127
氨,80417
垥,48161
呦,64027
兣,41211
葋,44227
邡,07227
豉,14147
骿,78241
暥,66044
跞,62194
荮,44140
鱿,23112
蘜,44527
呚,68040
伔,27217
帊,47217
蛗,27136
夂,27400
嫷,44427
宰,30401
依,20232
曁,21106
嵶,27727
羭,88521
欇,41941
捪,52064
悃,96000
椳,46932
媐,77404
僖,24261
蝙,53127
榎,41947
梴,42941
軡,58027
坜,41127
嬧,45412
伈,23200
櫤,48921
椼,41921
茞,44712
銌,84147
棻,44904
锻,87747
瑄,13116
糨,96936
甇,99717
勫,24627
鹸,28686
畄,90600
磦,11691
魤,24310
溨,33150
掘,57072
绨,28127
眮,67020
堬,48121
厣,71256
耀,97215
霻,10108
廭,00286
摊,50015
翇,17407
剐,62200
眨,62032
畡,60082
蓈,44727
蚀,25736
鰶,27391
蘔,44986
裴,11732
团,60240
梑,49980
弿,30027
镪,86736
鰊,25396
犐,24500
但,26210
襾,10227
哦,63050
喍,62094
癙,00112
拫,57032
坫,41160
岒,28727
蟗,50136
叝,47747
彬,42922
磬,47602
萸,44807
傉,21243
玟,10140
鷏,47827
筸,88401
徍,24214
亪,00037
豚,71232
齭,22721
葄,44211
眶,61011
毜,29710
圑,60342
鴑,47327
覠,16612
督,27604
霮,10118
鮼,27347
寛,30212
貚,26256
耆,44601
颗,61982
谏,35796
唭,64081
鼋,10716
罦,60407
皇,26104
睥,66040
尙,90227
佖,23204
齤,90772
脧,73247
蟀,50143
俐,22200
宒,30714
覼,16212
膦,79259
捠,52081
杤,41927
躾,28284
瀛,30117
酨,43650
痗,00157
掯,51027
曤,61015
颟,41282
旃,08247
亣,30221
籍,88961
桄,49912
柸,41919
芔,22447
棉,46927
扩,50000
梬,45927
劁,22300
榙,44961
蹅,64116
鬱,44722
囟,26000
璕,17146
涞,35190
牋,23053
氛,80217
晕,60504
嵯,28712
瓀,11127
葓,44181
命,80627
挣,57057
陬,77240
醽,11661
怄,91014
戥,63150
庇,00212
豫,17232
匜,71711
櫮,41916
螯,58136
筰,88211
垇,47170
街,21221
逸,37301
荏,44214
魇,71213
蒫,44102
禀,00901
挰,56014
媵,79244
怚,97012
箚,88602
凤,77210
偭,21262
荕,44227
燺,90894
尪,41011
虋,44227
代,23240
帐,42234
年,80500
涀,36112
騉,76312
尔,27902
郥,67827
艋,27412
拭,53040
匡,71711
鳚,24100
揺,52072
賐,63847
頶,21686
酤,14660
钹,83747
嫋,47427
蓕,44914
冯,37127
嗔,64081
健,25240
鐣,89152
砑,11640
阻,77212
齸,28712
造,34306
梒,48962
蔤,44772
噒,69059
鼚,44732
汁,34100
酀,47327
輽,53068
秘,23904
跑,67112
画,10772
圻,42121
沌,35117
窧,30406
倌,23277
酿,13632
袹,31262
璮,10116
瓬,01217
璃,10127
阽,71260
猎,44261
覄,10284
諅,44601
撶,54054
砅,12690
鞙,46527
寯,30227
挻,52041
棸,17904
峷,22401
珓,10148
胯,74227
駌,27327
郦,17227
峓,25782
馛,23647
箄,88406
抢,58012
孝,44407
幅,41266
粦,90259
閁,77201
帯,44227
姕,22404
崨,25781
桡,45912
枖,42984
鴧,37227
俸,25258
镴,82712
珧,12113
屭,77286
妨,40427
祎,35227
侂,20214
瑨,11161
琨,16112
筗,88206
鎚,87137
磄,10665
怠,23336
嗖,67047
齮,24721
圛,60401
决,35180
滩,30115
碅,16600
詂,04600
涚,38112
婺,18404
红,21112
第,88227
躁,66194
玫,18140
楠,44927
蛁,57162
錔,82169
醭,12685
玚,17127
荁,44106
尵,45018
薭,44946
憔,90031
楐,46928
俕,23294
桔,44961
薞,44232
兖,00212
裔,00227
鸨,27427
塠,47137
榋,47977
鵏,57227
肒,75217
鼯,71761
桅,47912
鄫,87627
钥,87720
蒲,44127
狊,60804
鄩,17327
誾,77601
啮,61072
旰,61040
耦,56927
搮,51094
踚,68127
圝,60993
噞,68086
乁,17030
縖,23965
眫,69050
碤,14685
挧,57020
喷,64082
鏪,85166
軜,54027
仾,21212
枔,48927
墷,44154
蟌,56130
粄,92947
阭,73212
帿,47284
刷,72200
谊,33712
巎,21747
摐,58081
徣,24261
寊,30806
鮂,26300
剜,32200
埛,47120
禔,36281
幄,47214
訄,40016
牪,25500
訅,04617
干,10400
也,44712
砉,50602
腟,73214
犬,43800
杉,42922
躧,61112
狔,47212
榼,44912
芝,44302
甃,29717
袼,37264
蠴,54164
鏊,58109
鮣,27320
秝,22994
蔷,44601
茦,44902
岳,72772
愂,44332
瀿,38193
泙,31149
黻,33247
讧,31712
弨,17262
聨,12443
靖,05127
瑷,12147
詪,07632
榜,40927
违,35302
衰,00732
堌,46100
侢,21247
罠,60747
鸡,77427
羬,83550
椐,47964
熐,97880
驔,71346
芴,44227
槢,47962
位,20218
崇,22901
琲,11111
柇,42994
栽,43950
粒,90918
嶐,22215
惑,53330
垚,40114
醊,17647
银,87732
弴,10247
貔,26212
炭,22809
膉,78212
剂,02200
迬,30301
狛,46202
蟟,54196
絽,26960
竕,08127
麔,00264
鴔,27327
騧,77327
樖,80921
荃,44104
钫,80727
嵴,22727
铂,86702
櫁,43936
検,48986
糎,91915
駽,76327
籑,88732
嚁,67015
貣,43806
迎,37302
厜,71215
讃,05686
骀,73160
咐,64000
悞,96084
熠,97862
铍,84747
椻,41914
击,50772
谮,31761
摔,50043
怅,92034
茁,44772
顠,11986
薽,44117
搋,52017
停,20221
蚓,52100
疍,17106
鐥,88161
砧,11660
檪,42994
职,16480
阱,75200
竂,30906
拸,57027
侞,26200
籕,88962
錍,86140
岍,21740
邅,30301
耪,50927
蔻,44214
忍,17332
董,44105
垷,46112
裫,32200
瓝,77232
鵖,77727
璤,15133
鲓,24127
晍,67020
檺,40932
弢,12247
寂,30947
歞,67382
祩,35290
韦,50027
穴,30802
簶,88299
饙,84786
媥,43427
謋,05694
沞,31127
央,50800
府,00240
肠,77227
铱,80732
暄,63016
恨,97032
瘿,00144
櫼,43950
襀,35286
暺,66056
瘒,00152
佋,27262
颊,51882
蠈,63136
刖,72200
棘,55992
裸,36294
铪,88761
鸍,17227
剧,72200
苊,44212
菙,44105
郏,57827
硪,13650
硄,19612
髆,73242
鐀,85186
肰,73284
煓,92827
僞,22227
泻,37127
翡,11127
鈪,81112
议,34703
洭,31111
鞶,27506
煱,97827
絩,22913
鋐,83132
嗌,68012
悏,94088
埴,44112
郼,47527
昞,61027
詻,07664
櫣,44935
曀,64018
岊,77772
佺,28214
弛,14212
彡,20202
檖,48933
篗,88407
力,40027
檋,44958
譬,70601
朅,46727
埄,47154
蜕,58112
察,30901
瞑,67080
穚,22927
做,28240
厮,71221
楒,46930
柊,47933
琘,12164
暼,98604
齂,25299
徙,21281
米,90904
輨,53077
躜,64182
吼,62010
怹,24331
凢,27212
而,10227
劵,90427
嚔,64081
宩,30904
砞,15690
絖,29912
诬,31718
脓,74232
砕,17641
宷,30904
虤,21217
新,02921
猷,83684
鹇,37227
搒,50027
檓,47947
臰,26212
淖,31146
糟,95966
龁,28717
忷,92070
哥,10621
粳,91946
觰,24260
倧,23291
搽,54094
抾,54032
锟,86712
堦,42162
愳,66330
蜢,57112
躼,21232
河,31120
烤,94827
俰,26200
譻,66601
抆,50040
娟,46427
攧,51086
灗,30116
爑,94831
肂,15207
蚢,50117
謃,06615
朁,11601
陦,75240
墰,41146
胝,72240
謽,16601
稕,20947
焀,98868
丵,32401
靍,10227
笛,88605
鹱,24147
鎱,84132
嶖,28727
漋,37115
麮,44432
惈,96094
穛,20931
儠,22212
浔,37147
歕,47882
毭,12114
首,80602
黼,33227
骻,74227
逋,33302
鬪,77141
骨,77227
楟,40921
彧,53100
汎,37110
嚟,67099
钱,83750
硼,17620
夦,47727
聮,12493
撅,51082
卡,21231
燌,94886
雟,22227
洔,34141
炚,69080
蠖,54147
鬕,72804
捍,56041
渤,34127
煨,96832
朳,48900
懵,94062
濣,38140
潆,34193
裟,39732
絧,27920
韛,44527
盆,80102
篑,88802
斶,76227
爗,96854
豦,21232
魂,16713
艜,24427
泓,32130
釟,88100
鯺,24360
怕,96002
锭,83781
掣,22502
鮉,27362
齍,00102
沯,12602
趆,42804
狉,41219
噍,60031
賨,30806
璺,77103
帆,47210
春,50608
澄,32118
幀,41286
吾,10601
畳,60102
频,21282
慌,94012
轈,52094
兺,80612
襐,37232
鴵,37127
嗑,64012
谌,34718
毂,47547
捳,52072
掉,51046
螜,47136
誷,07620
濹,36114
澢,39166
劤,74227
嘇,63022
酢,18611
事,50007
榃,44609
湺,36194
畘,65047
坾,43121
硣,14647
鳱,17427
瓱,12711
蚎,56100
兽,80601
睉,68014
怫,95027
怌,91019
繑,22927
繥,24961
翦,80127
藄,44903
薫,44331
愣,96027
媗,43416
蓿,44262
油,35160
孀,41461
鶀,24381
觫,25296
墁,46147
脞,78214
梧,41961
潕,38131
磐,27602
鶣,37227
砭,12632
晨,60232
铌,87712
壳,40217
焭,99217
跱,64141
埋,46115
垠,47132
瑦,17127
鬺,18227
觙,27247
鑬,88112
婲,44414
歵,25186
妫,44427
裉,37232
帅,24027
浈,31182
实,30804
诅,37712
甊,51417
瘃,00132
倘,29227
挽,57012
甏,42717
雑,40915
陨,76282
勯,04127
湈,34194
呮,66080
婉,43412
爜,92847
雃,10415
鸯,50127
烉,27809
埰,42194
圦,48100
鲗,22100
酔,17641
皆,22602
鑟,84186
宼,30214
轓,52069
苪,44227
豸,20222
郌,46117
伴,29250
瞿,66215
乵,02410
战,23650
焼,94812
嚃,66039
蚕,10136
蒛,44785
隝,77227
蚤,77136
娀,43450
醧,11616
伶,28232
潇,34127
役,27247
溰,32118
潶,36131
帞,41262
茑,44127
躯,21214
艛,25444
菗,44565
婕,45481
樰,41977
约,27120
姿,37404
簕,88527
涍,34147
冇,40227
橶,43950
螶,71136
蝬,52147
浙,32121
綡,20996
聝,13450
譍,00261
韠,46554
埀,20105
禴,38227
蒅,44904
栕,41912
嵺,27722
剰,22900
鹦,77427
赡,77861
冬,27303
绫,24147
胁,74230
牢,30502
坥,47112
摂,51088
礰,11611
帜,46280
棌,42994
欈,42927
祳,31232
午,80400
愋,92047
本,50230
侩,28232
跍,64160
羄,60946
保,26294
汩,36100
塟,44104
截,43250
爬,77231
叺,68000
萣,44801
缯,28166
汤,37127
傦,27227
梀,45996
囤,60717
休,24290
熴,92812
蹗,60112
樫,47914
叧,60227
諕,01617
刓,12200
鶢,27427
怰,90032
瑚,17120
烞,93800
访,30727
讨,04600
窜,30506
昑,68027
渊,32100
漖,38140
偼,25281
荜,44401
湹,31115
槉,40984
邹,27127
茵,44600
斜,84900
歒,07282
蠾,57127
読,04612
錓,88112
猏,43227
办,40330
镔,83781
罱,60227
礷,14612
棭,40947
鄼,57827
袐,33204
猿,44232
小,90000
鍨,82184
肗,74240
绲,26112
今,80207
邵,17627
緫,27932
斊,00401
遚,37304
遆,30302
鬡,72201
猇,41217
岣,27720
跠,65182
宬,30253
嬑,40436
倭,22244
淸,35127
趢,47809
粕,96902
觐,47112
偶,26227
徛,24221
楮,44960
说,38712
趯,47801
录,17909
椋,40996
濭,34112
侁,24212
镂,89744
涅,36114
聋,43401
顀,21286
藦,44252
柟,45947
丂,10027
獶,41247
灰,40809
扵,58033
篱,88227
鹞,27727
柒,34904
儤,26299
杶,45917
匪,71711
惀,98027
裷,39212
璧,70103
惽,97064
秵,26900
瞍,67047
鳐,22172
廃,00214
箩,88207
瀂,37163
暹,36301
鳯,77210
匶,71717
阀,37253
湍,32127
屶,22227
裭,31217
眠,67047
麡,00223
卫,17102
躘,61111
蛩,17136
旸,67027
掍,56012
愁,29338
鱼,27106
暭,66048
橁,48927
攐,53032
肶,72210
瀪,88902
缰,21116
袴,34227
胉,76202
慆,92077
挼,52044
善,80601
幭,44253
奀,10804
仹,25200
塞,30104
汾,38127
黆,44812
塿,45144
嬶,46421
浯,31161
辚,49559
耘,51932
詈,60601
瑓,15196
祅,32284
蘑,44262
奒,40802
质,72282
昈,63007
凄,35144
妈,47427
洆,37119
靯,44510
濅,33147
偠,21244
餥,11732
悊,52332
剕,12100
耻,11410
寭,30333
圀,60227
艔,20447
鷶,67827
韺,04685
扰,53012
瑛,14185
醼,14631
歱,22115
峳,22248
蛙,54114
鰅,26327
翿,47620
嚓,63091
嘛,60094
黎,27909
褊,33227
怬,96000
鰖,24327
童,00105
涏,32141
妄,00404
餣,84716
涥,30127
緁,25981
嵙,22947
声,40207
廨,00252
貊,21262
异,77441
勖,64627
虅,44227
薁,44804
衎,21221
澧,35118
苖,44605
挊,51031
黉,90806
罔,77220
骜,58127
嚙,61072
摉,53027
欮,87482
廀,00247
乃,17227
刣,22600
语,31761
圳,42100
暳,65077
挴,58057
蹴,63112
炕,90817
茔,44104
巣,90904
囖,68015
眐,61011
轹,42594
煌,96814
橄,48940
睁,67057
詯,06602
戸,10207
笯,88447
携,50027
矾,17610
詇,05680
閰,77777
昦,60228
郺,22217
鹚,87727
馊,27747
晤,61061
勏,04627
诚,33750
仠,21240
帇,50227
茽,44206
孱,77247
吪,64010
謵,07662
癫,00182
鷩,98327
凑,35184
闑,77904
樘,49914
鐁,82121
髌,73281
桖,47912
喌,66320
鹷,28632
懞,94032
瘕,00147
薗,44600
吆,62032
韵,07620
蜍,58194
夨,27804
劷,84527
壒,44112
儿,22010
軳,57012
苆,44727
畍,68020
掑,54081
蒐,44513
疄,69059
奣,10627
昏,72604
磂,17662
赴,43800
羏,82522
藂,44232
琔,13181
顜,51486
妾,00404
湥,33184
謴,07686
嬽,42484
巻,90717
鞔,47512
椕,44990
汫,35100
秸,24961
漗,36130
撼,53035
乴,52717
媖,44485
滨,33181
瓫,80717
譔,07681
旖,08221
廮,00244
賆,68841
騃,73384
棨,38904
蘲,44104
譲,00632
郛,27427
漜,34114
櫿,49966
玉,10103
菄,44906
綍,24947
澎,32122
挪,57027
堢,46194
蒵,44804
葾,44331
讟,00661
嚷,60032
八,80000
稹,24981
参,23202
舜,20252
鯐,24381
繱,24932
镘,86747
缊,26112
鎙,87120
迼,34306
椓,41932
税,28912
羝,82540
叕,77447
伲,27212
岁,22207
鎠,86111
歭,24141
劒,87820
譕,08631
袏,34212
澴,36132
晴,65027
匁,27440
乼,30717
咼,77227
尴,48011
恘,94090
簖,88721
疚,00187
级,27147
葸,44336
贽,55802
鶵,27427
崼,26781
盋,43102
摸,54084
趟,49802
忣,97047
揖,56041
峏,21727
匽,71714
橓,42952
仮,22247
齐,00224
睶,65068
柑,44970
谑,31714
鹖,67727
洳,36100
懡,90032
迭,35308
鳗,26147
蠡,27136
伦,28212
廕,00232
鸂,37127
豍,16140
幱,47220
脶,76227
擀,58041
校,40948
煺,97833
鄐,07627
烔,97820
礭,11615
蹀,64194
杣,42970
鵻,20315
瘼,00184
笣,88712
鯯,22300
欸,27882
帨,48212
饓,89794
辛,00401
倗,27220
赌,74860
玩,11112
埌,43132
竷,07447
纎,23950
鷈,22317
蜳,50147
洄,36100
鞋,44514
鄋,77427
摌,50015
柡,41992
镇,84781
闫,37101
轌,51077
酳,12627
椁,40947
卓,21406
逳,30302
魐,28513
柽,47914
鞭,41546
禒,37232
薋,44806
唤,67084
详,38751
鶾,48427
船,27461
攫,56047
滥,38112
镜,80712
邺,37127
侏,25290
棱,44947
仺,80711
仨,21211
檘,40941
悇,98094
鍂,88119
鏱,80146
崮,22607
轿,42528
胼,78241
梁,33904
岩,22602
鹄,27627
崚,24747
螈,51196
銡,84161
轇,57022
皊,28632
刹,42900
螪,50127
遇,36302
铞,86727
橩,49917
毹,82214
诈,38711
觃,77214
幉,44294
舼,24481
茩,44261
朸,44927
醡,13611
赫,44231
悿,91038
兦,28710
嚗,66099
蝢,51186
誔,02641
狖,43282
轮,48512
迒,30301
乸,47715
珇,17112
滼,34117
猢,47220
陋,71212
柄,41927
蠤,80136
祡,22901
帄,41220
慖,96000
誜,03647
戫,43250
耞,56900
盙,53102
匊,27920
白,26000
嫡,40427
饶,25712
荴,44585
炴,95880
寴,30912
砹,14640
慼,53330
赍,40802
戢,63450
鵱,47127
哒,64038
襙,36294
泾,37112
抦,51027
趚,45809
嗦,64093
栂,47950
崶,22147
墔,42115
霾,10215
蛪,57136
葨,44732
艇,22441
鳤,28177
葇,44904
板,42947
灌,34115
汣,37180
湣,37164
扳,52047
闯,37127
逹,34304
碟,14694
都,47627
祃,37227
炌,98820
酑,11640
寲,30881
妵,40414
垀,42149
匀,27120
鬀,72227
袋,23732
縬,23950
髽,72104
惬,91018
旞,08233
舞,80251
朱,25900
崐,26712
刎,22200
錷,82110
簥,88227
牸,23547
巜,22337
窔,30408
瘴,00146
蔅,44404
欅,47952
夎,88407
鱲,22312
枥,41927
浚,33147
櫄,42931
跆,63160
可,10620
间,37601
碥,13627
唉,63084
扭,57012
弫,11212
爻,40400
鰯,27327
砮,47602
舁,77447
嚞,40661
謭,08627
钟,85706
娏,43414
累,60903
蜔,57120
簓,88222
啪,66002
葽,44404
顡,01286
蒷,44806
竑,04132
艄,29427
緆,26927
笱,88627
褼,31217
候,27284
篻,88901
术,43900
扯,51010
释,27954
虂,44164
螠,58112
燯,91832
鹶,28627
烫,37809
桃,42913
浿,36180
漑,31112
婀,41420
鞲,45547
詹,27261
荄,44802
瑂,17167
苀,44217
巘,23784
搚,54027
怩,97012
祧,32213
劓,22200
幁,41286
吇,67047
駵,71377
彉,14286
墻,44161
愃,93016
撑,59052
陗,79227
戵,63250
蒴,44427
酊,11620
虝,27212
惸,97047
辁,48514
棼,44227
豲,11296
橲,44961
佁,23260
夅,27504
差,80102
痘,00118
樋,47932
墬,77104
譓,05633
囔,65032
胱,79212
酜,15680
謕,02617
怛,96010
寔,30801
疹,00122
壴,40108
馆,23777
棤,44961
鳙,20127
曚,64032
橌,47920
喉,67084
旜,08216
蓓,44261
媫,41481
饏,18732
軮,55080
猐,48212
虎,21217
贕,74786
噰,60015
葚,44718
愦,95082
销,89727
囮,60214
鹡,37227
脊,32227
胗,78222
已,17717
歖,47682
窿,30215
疭,00180
欩,17682
篃,88267
莞,44212
僘,28240
埂,41146
粘,91960
彇,15227
裤,30254
祐,34260
娺,47447
椔,42963
滗,38114
殧,13212
织,26180
粟,10904
酼,10612
傁,27247
荤,44504
壝,45138
恀,97027
艟,20415
礌,11661
衉,27164
猟,49217
婆,34404
璏,17112
薏,44336
渘,37194
烐,97840
皴,24447
攸,28240
讦,31740
幊,41286
恧,10332
垱,49177
拹,54027
归,27070
犞,22527
靷,42500
蓳,44105
荝,44820
珲,17154
硬,11646
堑,42104
鲋,24100
挵,51041
嫇,47480
垭,41112
旛,08269
佾,28227
癪,00186
岦,22108
羦,83512
鹣,87227
庹,00287
鬌,72227
傋,25247
枌,48927
叆,12747
顪,21286
嬵,46427
狧,42264
湼,37112
垼,27104
尘,90104
豢,90232
熙,77331
鈓,82114
逴,31304
蘧,44303
砬,10618
摿,58061
谸,28468
治,33160
鞳,44561
籓,88169
惮,98056
舛,25200
募,44427
棛,40927
孨,17447
遥,32307
赒,77820
觞,28227
辩,00441
磱,19627
攒,54082
真,40801
鴋,07227
播,52069
鄤,67427
粆,99920
病,00127
柦,46910
樌,47986
鱬,21327
踷,64160
伧,28212
甤,15231
揞,50061
徟,27220
恝,57332
敉,98940
氦,80817
樄,45996
鋕,84131
德,24231
貖,28212
牏,28021
艃,26415
亰,00906
圁,60601
捘,53047
桽,40104
葖,44804
澓,38147
菝,44547
咯,67064
犈,29512
刁,17120
筠,88127
跮,61114
搐,50063
萑,44215
轼,43540
仰,27220
蔗,44237
椫,48956
嵒,60772
嗬,64021
饨,25717
拗,54027
駆,71314
唯,60015
忾,98017
虃,44153
闬,37401
倐,27289
衦,31240
睒,69089
岴,22712
妐,48432
噅,62027
萘,44901
滋,38132
佬,24212
工,10102
伅,25217
毊,47227
筿,88904
疞,00127
婚,42464
塓,47180
博,43042
崊,24790
逯,37309
腼,71262
慝,71331
屛,77241
棰,42915
珠,15190
赓,00282
纠,22100
煍,99880
峼,24761
跋,63147
伄,27227
熭,55809
恿,17332
葌,44444
酭,14627
陭,74221
膋,99227
则,72800
妇,47470
藃,44282
壧,46148
鹧,07227
层,77232
盢,63102
芙,44805
寻,17347
槆,44927
迕,38304
兴,90801
孛,40407
秫,23994
酻,12647
喭,60022
酙,14600
筚,88401
骙,72184
猽,47280
舲,28432
厗,71241
鲺,27110
鮰,26300
杲,60904
臊,76294
蕖,44904
衃,21190
撨,50031
狾,42221
碉,17620
凃,38194
汏,34180
擐,56032
蕻,44781
威,53200
啿,64018
赝,71282
惣,27332
惕,96027
夏,10407
烢,93814
湂,36127
倁,26200
儸,26215
辇,55504
椂,47999
蠠,10136
达,34308
笭,88302
骵,75230
叙,87940
騔,76327
驎,79359
嶨,77772
豜,11240
掀,57082
澰,38186
衐,21221
垻,46180
竟,00212
秐,21932
獥,48240
藩,44169
衳,38232
猊,47212
辕,44532
疛,00140
猈,46240
擤,56021
跨,64127
谘,37768
賿,67822
獇,48213
纃,20923
檲,46900
蠛,54153
蓠,44227
脀,17227
獒,58804
癨,00115
爠,96815
睛,65027
籰,88407
壊,44132
専,50346
阑,37906
襟,34291
虦,51517
巕,24744
虌,44717
薆,44407
镮,86732
夫,50800
尖,90804
訇,27620
饀,82777
嵀,22914
迧,35306
秧,25980
噄,67093
褙,32227
茗,44602
嚝,60086
庂,00280
踄,61121
蟓,57132
岻,22740
耢,54927
垹,47127
舣,24403
郕,57227
绤,28168
亥,00802
骄,72128
乫,46717
殪,14218
曗,62095
唺,65081
锯,87764
侓,25207
鹊,47627
癛,00194
哵,62000
渏,34121
蔀,44627
砶,16602
櫯,42994
抏,51012
膸,74232
莮,44427
瓯,71717
卸,87120
絺,24927
竼,88217
寋,30712
儥,24286
涄,35127
锄,84727
勧,84227
钙,81727
諀,06640
嬔,45411
魓,26515
掆,57020
鋠,81132
渶,34185
势,55427
跲,68161
伡,24250
釠,87110
泣,30118
瑿,77103
锸,82777
山,22770
饠,86715
扏,54017
偬,27232
攌,56000
卼,17211
捶,52015
糵,44904
荬,44804
鐩,88133
輎,59027
戦,93550
癶,12802
颫,75218
暾,68040
螽,27136
犅,27520
恪,97064
玭,12110
皧,22647
蚱,58111
粁,92940
絈,26902
宋,30904
蟰,55127
畯,63047
拑,54070
塅,47147
钐,82722
觚,22230
鐉,87181
襔,34227
浼,37112
鬇,72507
襥,32285
绁,24117
鞡,40518
冂,77220
嵛,22221
笲,88443
磪,12615
苵,44805
痵,00147
挢,52028
繍,25927
箕,88801
磿,71262
詌,04670
谯,30731
褧,19732
嬯,44414
乹,42410
鈋,84110
馃,26794
淇,34181
匒,27620
秢,28932
带,44227
崈,30772
溽,31143
犫,20501
怷,43331
吣,63000
顑,51286
细,26100
弰,19227
繉,26913
馜,27612
孶,00407
滴,30127
堸,47110
耏,12222
枸,47920
澖,37120
跹,62134
砡,11613
鑆,84100
罅,81749
染,34904
焱,90889
売,40212
鼡,90217
婻,44427
昼,77106
狡,40248
觉,90212
洕,38127
婐,46494
簎,88561
獽,40232
赤,40231
皶,44147
萋,44404
棺,43977
缨,27144
玱,18112
囆,64036
郒,36717
屄,77282
醹,11627
熋,22809
驵,77112
彚,17904
舧,27412
幮,40240
亻,20200
昚,40608
喟,66027
鬘,72407
蚛,55106
駠,77320
姥,44412
虊,44904
赮,47247
婗,47412
龅,27712
槥,45977
啟,38240
孒,17217
濞,36121
橱,41940
西,10604
寇,30214
澾,34135
颰,73214
汆,80902
攟,50061
隇,73250
釻,85117
荿,44253
祂,34212
鴖,77727
怔,91011
唩,62044
炀,97827
狜,44260
萖,44212
柜,41917
羫,83512
嚥,64031
欬,07882
掌,90502
愤,94082
医,71718
鍅,84132
藟,44666
黯,60361
珁,11117
痯,00177
暓,18604
盫,80102
郳,77227
衋,50102
堡,26104
栙,47954
福,31266
盼,68027
炁,10331
轸,48522
涘,33184
嶿,21727
稰,27927
洪,34181
刦,42700
鹃,67227
峧,20748
豄,84686
慨,91012
欋,46915
鴏,23340
驯,72100
糭,92947
璲,18133
鷇,47347
掺,53022
恽,97054
喸,53612
蛲,55112
骐,74181
妦,45400
僄,21291
刊,12400
蜃,71236
涔,32127
褟,36227
跧,68114
鲴,26100
嗉,65093
痫,00127
驮,74180
髤,72904
秋,29980
仕,24210
芥,44228
摕,54027
淰,38132
搻,80552
恓,91064
垗,42113
獭,47282
諌,05696
蛵,51112
脂,72261
涫,33177
敚,88240
刨,22700
湐,36102
庶,00237
讪,32770
妓,44447
阄,37716
暑,60604
驭,77140
蟒,54148
窸,30339
濗,34127
樀,40927
絼,22922
跀,67120
厂,71200
芄,44517
恐,17331
襫,34286
紪,22910
农,40732
繺,28934
蝴,57120
髢,72712
列,12200
整,58101
犦,26599
輐,53012
鼏,37227
枋,40927
媿,46413
袯,33247
碵,11686
琋,14127
蚉,00136
歄,77282
僩,27220
蝇,56116
镳,80731
挸,56012
余,80904
面,10602
萹,44227
洛,37164
鷠,27327
硺,11632
萝,44207
餭,86714
飻,88722
民,77747
籵,94900
脁,72213
彐,17170
咫,76808
烹,00332
荀,44627
筺,88711
锩,89712
頬,51886
糆,91962
啼,60027
咔,61031
斛,24200
裲,31227
更,10506
姑,44460
甽,62000
湁,38161
踍,64147
欭,67082
雵,10805
橨,44986
魵,28327
頝,01486
尹,17507
嵵,22641
钝,85717
揄,58021
邎,32309
君,17607
佱,80101
觠,90227
暙,65068
鼪,75710
硇,16602
螙,40136
鼰,76780
蜎,56127
炫,90832
烨,94841
嬃,21404
舸,21420
咎,23604
鹐,27727
虗,21212
顉,81186
晌,67020
幧,46294
鸗,01327
嵞,80772
伱,28290
烂,98811
凷,22770
莣,44331
囼,60603
槸,45917
別,62200
齯,27712
箱,88963
妛,22404
尳,47012
姯,49412
砼,18612
鎤,86112
菚,44503
牜,25000
愑,97027
玻,14147
订,31720
消,39127
翊,07120
眅,62047
擟,51027
妥,20404
宄,30417
秽,22927
軅,21215
穹,30027
觔,24227
逨,34309
赟,03802
蟥,54186
穞,27961
皕,11662
誝,08662
臱,26227
碜,13622
犗,23565
椅,44921
堊,10104
幞,42285
纨,25117
隰,76233
紷,28932
忢,10331
嫝,40499
蚃,20136
烋,24339
恱,98012
冫,30100
彝,27449
圿,48120
鱊,27327
幈,47241
炬,91817
龓,41211
谢,34700
嵲,26794
垰,41131
嫹,44486
帛,26227
摍,53062
銟,82127
繜,28946
瓥,71136
噁,61031
扶,55080
绣,22127
惼,93027
鮤,12336
槚,41982
资,37802
椿,45968
佢,21217
膗,72215
矔,64015
铣,84712
芸,44732
甄,11117
鳔,21191
菤,44712
鏯,84184
遝,36309
蟴,42136
溗,32191
槙,44981
霶,10127
垒,23104
躬,27227
罁,87720
雷,10601
衾,80732
姊,45427
勀,44227
娡,44431
糷,94927
控,53012
樮,41989
馁,22744
絷,55903
雂,80215
鄨,98717
鱇,20399
稸,20963
缻,81717
眺,62013
奈,40901
蚟,51114
篍,88989
槹,46948
逼,31306
鄂,67227
谇,30748
悹,30337
嫏,47427
殄,18222
嶹,24741
杙,43940
弍,43100
蔎,44647
世,44717
房,30227
蓝,44102
岭,28732
峪,28768
鵈,17427
夵,40908
岙,20772
遱,35304
渠,31904
翂,18127
睟,60048
趀,45802
剀,22700
嘤,67044
罣,60104
儖,28212
摼,57014
楃,47914
蔮,44600
騕,71344
賘,60813
摹,44502
蔰,44217
刢,82300
橍,47920
狗,47220
榩,41940
睻,63016
谒,36727
鮱,24312
尜,90908
祏,31262
蹒,64127
潥,31194
蛼,55106
鍡,86132
蒮,44215
屌,77227
擮,53050
勆,34727
箶,88627
颅,21282
嶛,24796
塡,42181
媡,45496
掖,50047
咇,63004
鏮,80199
坊,40127
縻,00293
餗,85796
潩,36181
昸,67033
芡,44802
滶,38140
葠,44247
甔,21217
伓,21290
芛,44507
籗,88215
罂,77772
惞,97082
珕,14127
馽,71506
胺,73244
跚,67140
纵,28100
锦,86727
黳,77331
馣,24616
鲳,26160
飸,68232
荲,44105
杂,40904
祓,33247
球,13199
鑉,84112
喰,68032
灵,17809
潫,39193
鱏,21346
骟,73127
棫,43950
茓,44802
歫,21117
崙,22227
梵,44217
劯,14627
帷,40215
哔,62041
押,56050
絅,27920
鳀,26181
覢,96812
棩,42900
寑,30247
龞,98117
旀,03290
驣,79327
婿,47427
矉,63086
痂,00160
僀,24227
灀,31161
潞,37164
熹,40336
鼳,76784
錃,34109
葻,44217
哌,62032
鼢,78727
爆,96899
锹,89780
蔧,44177
诜,34712
腂,76294
儮,21211
詋,06612
悲,11331
硭,14610
塑,87104
萳,44227
偰,27284
鰄,23350
訡,08627
蒿,44227
邝,07227
栎,42994
嶘,22953
噂,68046
砒,12610
鈜,84132
喋,64094
鉂,85106
絬,22964
翧,37120
舏,22600
搠,57020
鎷,81127
似,28200
峨,23750
古,40600
谧,33712
竬,02127
默,63384
联,18484
蕹,44215
鬋,72221
鋚,28109
稌,28994
旑,04221
伬,27287
瘣,00113
旍,08232
勭,04127
曑,60202
芬,44227
啠,72602
髎,77222
镣,84796
甘,44770
烘,94881
喓,61044
嵂,22257
醨,10627
晦,68057
茋,44742
腊,74261
鬵,11227
觯,28256
呏,64000
峚,22104
罢,60732
桑,77904
箂,88908
愄,96032
态,40333
鲟,27147
罼,60504
魙,32513
芇,44227
汳,32147
垓,40182
畉,65080
釢,87127
齄,24216
莼,44117
敏,88740
磫,18681
襋,35292
塸,41116
晶,60660
槲,44900
箢,88212
扷,52084
笗,88303
柉,42932
瞱,64054
贴,71860
嶍,27762
劙,22100
媋,45468
蒄,44214
窟,30272
殰,14286
铎,87754
巴,77717
表,50732
兂,50212
汶,30140
线,23150
噚,67046
賗,65806
斌,03440
蒚,44227
皵,44647
诀,35780
梄,41964
硻,77602
滑,37127
协,44030
箓,88909
嶀,21727
梲,48912
榤,45994
鋋,82141
棹,41946
箃,88447
睢,60015
瓶,81417
岆,22784
珞,17164
岰,24727
锳,84785
魆,23515
媌,44460
椑,46940
友,40407
擹,57082
铜,87720
圙,60602
鬴,13227
灉,30115
椦,49927
笐,88217
鎆,88121
蘍,44327
鵨,87627
禈,37252
替,55608
臣,71712
岵,24760
旊,08217
邍,37309
浻,37120
訲,05606
咤,63014
憗,48334
玥,17120
缀,27147
祄,38220
疙,00117
欔,46947
嶃,22721
盘,27102
凓,31194
悓,96012
庯,00227
坐,88104
伮,27240
肕,77220
谕,38721
薒,44904
钄,84127
珗,14112
畇,67020
槦,40927
崟,22109
鉯,88100
菅,44777
偦,27227
揜,58046
悼,91046
程,26914
罴,60333
杼,47922
禘,30227
迵,37302
跎,63112
鍑,88147
矂,66094
驹,77120
煞,28334
襺,34227
巼,77612
渃,34164
癔,00136
罫,60130
襼,34231
焑,96800
峑,22104
欷,47282
瘟,00112
蚍,52110
湕,35140
殆,13260
蛘,58151
梃,42941
蔛,44204
蹨,63138
靴,44510
漰,32127
综,23191
寸,40300
巿,50227
客,30604
毒,50757
耸,88401
屙,77221
太,40030
鎾,86112
贡,10802
寐,30295
鄚,47827
袲,00732
凐,31114
侕,21227
刉,82700
阦,79280
嫬,40437
艰,77432
驸,74100
麈,00214
粨,91962
錎,87177
鬯,22712
襑,37246
榕,43968
艵,87417
労,90427
谟,34784
陖,73247
在,40214
閗,77401
鴗,07127
悂,92014
嚸,61062
菵,44227
併,28241
萄,44727
裯,37220
奬,27804
垦,77104
趗,46808
獊,48267
鼀,40717
甒,81317
钮,87712
配,17617
敇,58940
悡,22330
欹,47682
腲,76232
缛,21143
鳍,24161
觌,47812
桧,48932
蝆,51152
湇,30127
漶,35136
鍽,83127
幺,20732
尨,43014
散,48240
鄑,17627
嚏,64081
讗,02627
豒,28127
幎,47280
廯,00251
锞,86794
羧,83547
轙,58053
樒,43972
帋,72227
疸,00116
遵,38304
躻,23212
槗,44927
垞,43114
剱,87820
詑,03612
箐,88227
篦,88712
懭,90086
竍,04100
脑,70272
籞,88901
帓,45290
谭,31746
礤,14691
奷,42440
赉,50802
筀,88104
薢,44252
邘,17427
墙,44161
艳,57017
禩,36281
恙,80331
萫,44609
蚺,55147
岤,23782
鑯,83150
蓣,44282
偿,29232
鲂,20127
圾,47147
矞,17227
展,77232
祸,36227
宁,30201
腒,77264
曜,67015
嘂,66660
滣,31163
弌,43100
籖,88153
洰,31117
啦,60018
滍,32136
爱,20407
莱,44905
瑀,12127
磃,12617
耐,14200
鍞,81186
蚻,42136
楺,47994
缧,26193
櫖,41936
崴,22253
趓,47809
榔,47927
牛,25000
渌,37199
玓,17120
蛳,51127
旆,08227
屃,77282
湖,37120
豰,47247
明,67020
摲,52021
塉,42127
嘋,68040
础,12672
勈,14227
嚆,64027
魀,28512
苌,44734
冪,37227
禑,36227
耓,51920
賲,26806
郊,07427
媶,44441
临,28063
妴,27404
焽,67809
痲,00112
鱛,28366
麺,51462
櫋,46927
舀,20777
裚,52732
胒,77212
暟,62018
竞,00212
栾,00904
檱,48981
轥,54027
揎,53016
玸,17112
戟,43450
僾,22247
愊,91066
沥,31127
梻,45927
噬,68018
兆,32113
橯,49927
醤,37604
塶,40112
根,47932
酕,12614
嗠,27464
劲,14127
屫,77227
譟,06694
蒕,44102
毇,77947
卑,26400
蓊,44127
倷,24291
祠,37220
化,24210
畀,60221
呓,64017
羴,80551
剘,42800
抎,51032
迾,32300
圕,60601
巍,22413
瀻,33150
叒,77447
遬,37308
狄,49280
滇,34181
啸,65027
罙,37904
前,80221
偖,24260
币,20227
愕,96027
藾,44986
了,17207
鎏,30109
塴,42127
顸,11482
琌,12127
血,27102
炈,97847
遛,37306
諻,06614
册,77440
鸺,27227
墅,67104
辊,46512
脸,78219
溾,36113
蚫,57112
曎,66041
砄,15680
缂,24156
幝,46256
墦,42169
猔,43291
穟,28933
嫣,41427
岐,24747
厡,71292
餔,83727
柿,40927
丠,12101
錖,27109
扎,52010
歨,21801
祛,34232
敤,61947
孳,80407
堪,44118
兕,77212
痨,00127
藞,44662
茸,44401
榓,43912
笕,88212
鐄,84186
辧,00441
醦,13622
眢,27601
垟,48151
淟,35181
恞,95082
沁,33100
徕,25290
靸,47547
荨,44347
熛,91891
趺,65180
嗾,68084
罥,60227
蚊,50140
紤,22921
傅,23242
椞,42904
馫,20669
灒,34186
镱,80736
妤,47422
譇,04664
怃,91012
叭,68000
廝,00221
梂,43999
沽,34160
浮,32147
齹,80772
彨,12222
歯,21772
繸,28933
翨,17801
流,30112
鯄,23399
欎,44746
柯,41920
峉,22604
堎,44147
靑,50227
捈,58094
餇,87720
马,77127
掮,53027
唔,61061
呁,67020
茴,44600
巫,10108
卬,77720
憠,71338
瑧,15194
嬗,40416
氆,28716
殨,15286
卽,27720
毾,62114
貵,23806
堇,44105
羛,80527
逇,34301
蓬,44305
呐,64027
酏,14612
窡,30447
算,88446
鼽,24217
薙,44815
孵,72747
像,27232
癐,00166
匔,27420
螴,75136
蕂,44227
试,33740
瘬,00132
窭,30404
桒,40904
帧,41282
勰,46430
退,37303
霌,10227
莜,44248
糌,93964
熰,91816
喛,62047
婯,11404
晀,62013
淦,38119
钸,84727
胍,72230
蓷,44515
呡,67047
谛,30727
棑,41911
冷,38132
鮗,27333
烅,97812
淝,37117
备,27604
鄄,17127
渑,36116
创,82700
喊,63050
刘,02400
錼,84191
锘,84764
嬒,48466
骩,74217
鮖,21362
爤,94827
湸,30117
室,30104
傌,21227
糽,21920
喃,64027
諲,01614
唪,65058
彵,24212
藚,44806
鉜,84100
雿,10113
鸖,17227
鰞,27327
媍,47486
赱,40308
鴎,77727
犷,40200
荋,44227
怇,91017
婌,47440
庽,00227
椗,43981
瓧,14710
巡,32303
勿,27220
常,90227
気,80417
獈,48212
玹,10132
伵,26200
錾,42109
脬,72247
膳,78261
聥,12427
繤,44903
挅,57094
憦,99027
墟,41112
壐,10104
荰,44914
哃,67020
侱,26214
藛,44327
搫,27502
侹,22241
螼,54115
凌,34147
瘵,00191
榖,47947
惩,21331
圵,41110
礡,14642
鵦,27399
闶,37217
鼮,72741
握,57014
鵄,17127
繶,20936
镎,88752
宾,30801
荷,44221
褏,00732
毠,46714
篰,88627
丞,17109
畸,64021
咧,62000
市,00227
溪,32184
辋,47520
篵,88281
瘅,00156
菕,44227
固,60604
粭,98961
酝,11632
镾,71727
雼,10602
钨,87727
竨,01146
趉,42807
桕,47970
鍲,87164
峮,27767
灙,39131
俈,24261
噐,66661
磘,12672
鍝,86127
瑬,30103
刳,42200
襨,34200
惰,94027
閺,77400
旷,60000
蟾,57161
纶,28112
齥,25706
琂,10161
促,26281
铬,87764
碢,17627
徒,24281
蔿,44227
碣,16627
形,12422
媩,47420
貁,23282
鞜,42569
狼,43232
缆,28112
歇,67782
寺,40341
疂,60102
郧,67827
斔,07187
魲,23307
场,47127
倮,26294
园,60212
抽,55060
吵,69020
辪,20741
辴,61532
熵,90827
椮,43922
塩,48112
莎,44129
昆,60712
殳,77407
冾,38161
犊,24584
賌,00806
聂,10447
欆,40947
薐,44947
鲞,90106
襅,36254
摚,59014
馢,23653
糅,97994
钤,88727
靤,17612
虴,52114
烧,95812
删,72400
泟,31111
齞,26780
腹,78247
溵,37147
罝,60102
犤,26512
閖,77902
諈,02615
碚,10661
捭,56040
腈,75227
障,70246
烈,12330
瘩,00161
訏,01640
詸,09694
容,30608
釡,80109
圯,47117
鲷,27120
倊,28233
恼,90072
菂,44627
剺,58227
葢,44102
疾,00184
滮,32112
挫,58014
胡,47620
衔,21221
瓄,14186
己,17717
鰬,21340
妅,41412
萆,44406
辂,47564
隙,79296
蝅,11136
鹘,77227
欉,42947
耚,54947
朎,78232
眩,60032
腕,73212
鶟,37827
厅,71221
怍,98011
迨,33306
窍,30127
餠,82741
鰘,23314
磞,12627
没,37147
閊,77772
酡,13612
嵨,27727
鍎,82164
戃,99031
纉,25986
呧,62040
嵏,22407
淽,34111
巛,22227
瓆,12186
踳,65168
硖,15680
罡,60101
蜣,58112
烣,94889
儅,29266
趏,42806
摭,50037
演,33186
揰,52015
捿,55044
紬,25960
繐,25933
噹,69066
俳,21211
潃,37127
忩,80333
象,27232
扛,51012
蹽,64196
怭,93004
謈,60601
愯,90047
掫,57040
镸,71732
鞥,48546
榍,47927
骠,71191
蠜,44136
僙,24286
墡,48161
胬,47227
褋,34294
挨,53084
费,55802
焦,20331
窘,30607
駦,90327
曌,67102
斫,12621
芑,44717
逌,31306
樍,45986
蜚,11136
揽,58012
繁,88903
窃,30727
駩,78314
迟,37308
几,77210
祉,31210
郹,67827
泩,35110
蜙,58132
拤,51031
髸,72801
指,52061
篭,88716
铠,82717
熄,96830
莘,44401
膪,70262
瞮,68040
爫,20900
锑,88727
斟,44700
叏,50407
噩,10106
哕,62027
诵,37727
奙,23716
齌,00223
楶,37904
瘹,00127
鸿,37127
蜻,55127
鴌,10327
仧,21801
袘,38212
滏,38119
唍,63012
帵,43212
懤,94041
戓,53600
扡,54012
忨,91012
檌,46911
傒,22284
皱,24147
蚌,55100
媨,48464
葶,44201
釖,87120
唀,62027
轶,45580
価,21260
榠,47980
烷,93812
爰,20407
遳,34301
錞,80147
岮,23712
詜,02647
刌,42300
竻,88427
餟,87747
圊,60227
檑,41961
啻,00602
葏,44107
芊,44402
鲰,27140
翀,15106
豆,10108
蒽,44336
游,38147
惃,96012
啢,61027
究,30417
爔,98853
嚵,67013
溧,31194
渟,30121
绀,24170
嶱,24727
毤,82211
歜,67182
櫲,47932
辿,32307
偀,24285
幸,40401
埓,42142
终,27133
蹈,62177
裣,38219
翯,17227
犯,47212
嶓,22769
鵋,17327
羺,81527
笂,88517
蚪,54100
附,74200
肱,74232
趼,61140
蔹,44148
酟,11660
嵥,25794
呼,62049
攚,59066
仔,27247
鳈,26192
灳,27820
焷,96840
侃,26212
瞹,62047
琞,67103
漦,58292
庖,00212
伸,25206
詴,04627
雳,10227
墚,43194
酯,12661
鎟,87194
癃,00115
晒,61064
尡,96212
鼟,44108
秲,24941
扤,51012
錬,85196
嫭,41449
鎴,86130
隒,78237
坨,43112
骖,73122
放,08240
鮕,24360
椎,40915
圢,41120
馕,25732
塌,46127
嫂,47447
媪,46412
漍,36100
橷,42911
膜,74284
崆,23712
臈,74227
抔,51090
痌,00127
徝,24212
妢,48427
綐,28912
呩,61091
膮,74212
萠,44227
鏒,83122
鉊,87162
伋,27247
鶗,67802
慞,90046
鶋,77227
蠕,51127
抒,57022
拢,53014
晗,68062
丶,30000
穝,26947
藧,44947
欘,47927
幕,44227
箹,88927
偨,22294
猣,42247
蔲,44214
怎,80331
托,52014
嚭,41669
萃,44408
砍,17682
蹻,62127
牲,25510
麏,00267
租,27912
鰗,27320
頯,21486
鬠,72606
隢,74212
免,27412
浢,31118
姄,47447
飏,77212
緿,23936
孜,18440
滭,36154
婋,41417
閧,77801
岀,22772
庥,00294
肼,75200
鍴,82127
盷,67020
抁,53012
篐,88912
綄,23912
极,47947
銰,84140
召,17602
斏,03432
媸,42436
汘,32140
轫,47520
璅,12194
胫,77212
琎,15130
鏴,87164
殂,17212
枹,47912
翰,48427
跷,65112
焻,96860
轖,54061
灼,97820
簼,88547
鶷,37627
磒,16686
挲,39502
覗,16612
乺,72717
请,35727
珶,18127
卜,23000
甋,01217
纙,26915
苈,44227
僯,29259
鴙,87827
譅,07611
鞗,27256
紌,23912
窚,30253
瞰,68040
靰,41512
莉,44920
碯,12662
享,00407
滽,30127
鲿,29132
楂,44916
殾,47647
芯,44330
褀,34281
咪,69094
訚,37601
暒,66015
牼,21512
盝,17102
哿,46621
腛,77214
际,71291
佗,23212
绮,24121
烒,93840
夷,50802
耟,51917
咨,37608
佣,27220
噊,67027
墢,42147
濂,30137
逾,38302
鵆,21221
穂,25937
塀,47141
曰,60100
驰,74112
黢,63347
弚,80527
煵,94827
炡,91811
椙,46960
伟,25227
濖,36164
蛸,59127
目,60101
馌,24712
俼,20227
莠,44227
獛,42285
母,77750
簚,88253
鼖,40147
迀,31304
鲆,21149
它,30712
沅,31112
厏,71211
丒,17102
筃,88603
昝,23604
席,00227
焵,97820
罟,60604
梙,45906
缗,27164
礻,30203
蹘,67122
牡,24510
舺,26450
镠,87722
杴,47982
贵,50802
湅,35196
瞾,66102
喅,66018
铛,89777
墌,40137
哮,64047
鲨,39106
鬿,22512
鐢,44109
镄,85782
随,74232
啯,66000
鰔,23350
輧,52041
慥,94036
墣,42185
怑,99050
蘼,44211
恾,94010
黥,60396
欚,47936
豨,14227
喴,63050
痍,00182
菊,44927
悋,90064
隮,70223
愼,92081
瀷,37181
宐,30102
麣,06248
臽,27777
诫,33750
焿,90887
踜,64147
屍,77212
鸹,27627
憾,93035
刬,52000
姡,42464
蟼,48136
襮,36299
植,44912
时,64000
攁,58032
度,00247
竜,00716
俟,23284
窗,30602
霿,10264
冝,37102
凸,77777
漆,34199
瓡,42430
櫦,40947
龇,22710
谫,38727
栣,42914
夥,67927
剨,52600
踣,60161
鐽,84135
晻,64016
仁,21210
捣,57027
感,53330
檒,44217
廽,16400
胧,73214
熎,92872
鹓,37227
缣,28137
将,37142
杷,47917
氩,80117
驐,78340
嗜,64061
鼘,44224
沙,39120
崯,28719
珜,18151
侔,23250
毢,21716
嗋,64027
檕,57904
兟,24212
垽,32104
横,44986
婪,44404
椘,44302
塒,44141
沉,37117
暍,66027
籏,88281
峹,80772
倕,22215
幖,41291
鏏,85177
旝,08266
佧,21231
馤,26627
繖,28940
楁,43964
痻,00164
鷪,66327
忦,98020
涿,31132
姷,44427
阊,37606
掕,54047
砜,17610
篙,88227
毚,27413
啕,67020
攎,51012
蝄,57120
菢,44512
敝,98240
卞,00230
钖,87727
燽,94841
吗,67027
隳,74338
嶉,22615
恕,46330
肨,75200
乯,20717
徆,21264
用,77220
嚍,65012
鰴,28340
鞑,44538
凞,37131
巙,28747
阎,37777
焂,28809
螨,54127
垛,47194
树,44900
偄,21284
揤,57020
沐,34190
俑,27227
斒,03427
堶,44127
姀,42494
竰,01115
艝,21477
鬲,10227
牓,20027
澝,33127
臐,72231
崬,22906
驲,76100
攞,56015
鶧,47827
珣,17120
玽,17120
锺,82715
葘,44603
岝,22211
祺,34281
屾,22770
徼,28240
蛤,58161
袊,38232
芳,44227
恏,47334
回,60600
憛,91046
聧,12484
倢,25281
懅,91032
闱,37527
苟,44627
隵,73250
镞,88784
谴,35737
瀑,36199
环,11190
珦,17120
鲎,90106
齾,23772
笥,88627
諥,02615
虽,60136
欣,77282
氍,62214
谆,30747
烗,90882
鷔,58327
赂,77864
雝,20715
諐,26601
陹,74260
商,00227
嵬,22513
纹,20140
玞,15180
胊,77220
襉,37220
弊,98444
灟,37127
捹,54044
甫,53227
卋,40774
壍,32104
込,38300
肋,74227
傱,28281
覃,10406
裐,36227
瞔,65086
榄,48912
黈,40814
栆,50303
睇,68027
瘽,00115
趄,47801
琮,13191
愞,91084
李,40407
汹,32170
礝,11627
拰,52014
灊,31127
湳,34127
颲,72210
荩,44303
梿,44935
菠,44147
铹,84727
女,40400
厧,71281
裗,30212
鸁,00217
迪,35306
絠,24927
价,28220
铥,82732
鲧,22193
緾,21915
錪,85181
葮,44447
渲,33116
腓,71211
嫟,41416
莒,44606
喎,67027
谱,38761
鋫,22109
舒,87622
犨,20501
宓,30334
貎,27212
无,10412
縅,23950
蟏,54127
鷷,87327
这,30304
揓,58012
鹰,00227
鳿,17127
幍,42277
韄,44547
蛝,57132
枝,44947
掶,50087
皮,40247
凮,77210
筬,88253
薓,44147
勽,27820
檇,40927
隗,76213
橸,46960
紊,00903
冱,31112
浣,33112
莫,44804
璋,10146
耒,50900
隺,40215
酠,11620
国,60103
旁,00227
鱐,25327
篇,88227
挂,54014
硹,18632
硰,39602
敳,28140
馟,22647
搣,53050
蔜,44248
热,55331
匌,27620
簜,88127
謲,03622
蠇,54127
枿,44940
票,10901
湌,38132
徤,25240
茘,44227
綂,20912
堩,41116
袷,38261
禧,34261
洙,35190
幰,43236
婖,41438
瘸,00127
睝,27602
泊,36102
糮,98912
抍,54000
危,27212
笵,88112
睅,66041
廏,00247
祁,37227
愺,94046
椽,47932
鄷,57127
乍,80211
嘒,65077
邆,32301
黖,61312
埝,48132
痈,00127
粔,91917
筲,88227
光,90212
脰,71218
熻,98827
蒯,42200
骆,77164
倩,25227
誧,03627
嗥,66048
兇,22212
鱜,27327
婧,45427
蔴,44294
縰,21981
佉,24232
諬,23601
黂,00286
寓,30227
正,10101
嵮,24781
甶,26000
扴,58020
竤,03132
騄,77399
淏,36184
坉,45117
橹,47961
夙,77210
恒,91016
搷,54081
夁,40606
遁,32306
旭,46010
踉,63132
娚,46427
颷,79218
贷,23802
瀃,36127
攱,04147
翶,27420
懙,97081
缳,26132
拌,59050
恉,92061
脻,75281
趡,40801
癄,00131
湦,36115
嘡,69014
辆,41527
稿,20927
誯,06660
伽,26200
弦,10232
芫,44212
懒,97082
徂,27212
遟,37304
迫,36300
哻,66041
镈,83742
殢,14227
址,41110
鵹,27327
娥,43450
泫,30132
肛,71212
检,48919
揾,56012
夡,24261
捩,53084
挝,54030
钣,82747
砘,15617
吐,64010
秙,24960
魦,29320
惨,93022
欢,77482
觥,29212
腣,70227
舡,21412
艽,44417
樟,40946
憝,08334
彅,18227
薣,44147
箰,88407
憵,70334
笆,88717
窹,30261
窵,30327
尽,77303
隬,71227
戝,63850
鉼,88141
鋢,82147
蘉,44247
弈,00443
擫,51084
窀,30717
劎,87820
峔,24712
俤,28227
睧,62064
唽,62021
卂,17410
峜,22101
褓,36294
卧,73700
邖,27727
抰,55080
哜,60024
洚,37154
殹,77747
搁,57020
寮,30906
蔙,44281
濉,30115
继,29119
伙,29280
鸥,77727
修,27222
微,28240
韽,80661
肃,50227
袝,34200
焾,98832
筵,88401
殡,13281
鬙,72606
葱,44332
盳,60010
眀,67020
蒊,44612
翃,47720
诡,37712
按,53044
苹,44409
誎,05696
豭,17247
韣,46527
氋,42214
蕜,44331
鵌,28394
笔,88714
庠,00251
尤,43012
蓺,44117
徫,24256
栠,22904
坦,46110
礑,19666
琅,13132
杁,48900
觾,24231
躭,24212
爥,97827
鳮,77427
励,74227
秬,21917
渻,39162
格,47964
紭,22930
栓,48914
姱,44427
芠,44400
峣,25712
泚,32110
騢,77347
崃,25790
単,90500
傠,24200
潗,30194
锓,87747
綤,17903
邀,38304
魖,21511
蘏,44986
莸,44212
绌,22172
殦,17227
槐,46913
祜,34260
阒,37804
涠,36100
岈,21740
鑅,89194
墽,48140
揁,51086
伝,21232
狠,47232
暽,69059
稓,24961
捼,52044
攽,88240
顼,11182
剪,80227
婅,47420
衶,35206
抵,52040
稑,24914
蒀,44102
椥,46900
獯,42231
嵻,20799
戏,73450
衸,38220
緳,00293
燣,90894
筈,88604
敜,88340
釉,25960
皥,26648
劽,12427
彺,21214
潌,33114
璞,12185
嶮,28786
任,22214
翞,10196
巬,17805
砇,10640
垄,43104
狷,46227
趇,40801
胳,77264
紎,23984
降,77254
鮢,25390
肆,75707
仉,27210
剎,42900
鮽,28394
睮,68021
耊,44104
髄,74232
檈,46932
螝,56113
醘,14612
伢,21240
弤,12240
駖,78332
伳,24217
航,20417
攷,18240
沊,42019
殌,11212
厦,71247
熸,91861
撋,57020
鵎,27427
唿,67032
剦,42700
榶,40965
藁,44904
缁,22163
鑸,86114
芩,44207
犃,20561
睼,66081
枮,41960
甉,81217
渱,31112
惴,92027
澯,37194
煘,93850
睎,64027
畿,22653
天,10804
竀,30112
撞,50015
輍,58068
鲩,23112
鼱,75727
薪,44921
胂,75206
傎,24281
丮,17510
桐,47920
犼,42210
袣,34217
洀,37140
竹,88220
牖,23027
亁,48417
殎,14288
鶰,67827
纩,20100
砝,14632
鞯,44547
笸,88716
鴪,30327
彳,20202
妍,41440
纒,20914
爿,22200
砀,17627
茌,44214
稊,28927
踗,68132
摵,53050
醄,17620
边,34302
囲,60550
腾,79227
鄳,77727
鬷,12247
膵,74248
俿,21217
岇,22727
箺,88608
塐,45193
鶱,30327
熳,96847
吕,60600
齆,22217
蚹,54100
坆,48140
黪,63322
傣,25299
泿,37132
轱,44560
犡,21527
灛,37120
澔,34161
碈,12664
騊,77320
隚,79214
峭,29727
氵,30103
邑,60717
睫,65081
鸧,87727
躠,44801
鉒,80114
鍏,84156
姭,40404
劼,44627
量,60105
篪,88217
蚶,54170
泈,37133
令,80302
濡,31127
旯,60417
棔,42964
臡,40227
尺,77807
粪,90801
裒,00732
伫,23212
撬,52014
阹,74232
阆,37732
葈,44904
礞,14632
癷,12401
襣,36221
嵊,22791
罭,60153
膱,73250
漱,37182
蠀,57186
忝,10338
恃,94041
芶,44727
鴠,67127
偢,29280
库,00254
摫,56012
嘎,61053
简,88227
唢,69082
鬹,56227
丐,10027
鯏,22300
悕,94027
姫,41412
胴,77220
娓,47414
卉,40440
濇,34161
茰,44506
藯,44334
嫿,45416
痣,00131
鶨,27227
腞,77232
钵,85730
趸,10801
狳,48294
赹,47802
咠,60401
渆,32140
摄,51047
萗,44901
铉,80732
蝿,56116
股,77247
芦,44207
硲,18668
蛮,00136
烓,94814
炅,60809
栱,44981
鹈,87227
扥,55010
穖,22953
衏,21221
岺,22302
蘕,44935
馠,28662
勠,14227
蟅,50137
髓,74232
于,10400
啉,64090
酆,27127
斋,00227
蚐,57120
鲽,24194
硸,12641
瞫,61046
施,08212
垲,42117
溥,33142
豮,14282
勔,14627
龚,43801
鉮,85106
輶,58064
硧,17627
澌,32121
慛,92015
綩,23912
婞,44441
蹮,61117
鐡,83150
阶,78220
穰,20932
漠,34184
劔,87840
苓,44302
倵,23240
款,47982
噔,62018
戈,53000
慊,98037
蒂,44227
赿,42804
眕,68022
氜,80617
淑,37140
烃,97812
淡,39189
乐,72904
邟,07227
碔,13640
罍,60772
毦,12414
瓿,01617
俜,25227
娦,42481
敮,21747
鍟,86115
碍,16641
补,33200
緂,29989
鰫,23368
汖,22902
繧,21931
鐼,84186
噡,67061
璝,15186
稢,23950
洱,31140
原,71296
媉,47414
傗,20263
鐎,80131
嗓,67094
硒,11664
籡,88586
鶭,20327
搂,59044
忒,43300
篖,88265
飨,28232
蔺,44227
样,48951
蔆,44147
毰,20716
筹,88344
撴,58040
黊,44814
瞒,64027
寀,30904
娠,41432
悒,96017
煸,93827
榇,40994
橣,43927
浖,32149
厢,71260
稉,21946
鲥,24100
咞,61040
瓤,02730
敹,28940
覞,66212
阉,37716
桹,43932
瞳,60015
谖,32747
秂,20809
墛,44100
孏,44427
屠,77264
览,28212
进,35300
鲹,23122
鉹,87127
硎,12600
迗,31308
秷,21914
傝,26227
椒,47940
銇,85190
抹,55090
莏,44529
焕,97884
榀,46960
洒,31164
冥,37800
縃,27927
糜,00294
蝔,52162
鏁,82194
嘱,67027
飷,87712
傹,20212
蕵,44232
赐,76827
餲,86727
就,03912
蘳,44814
匞,71711
怸,43339
嚉,64000
郸,87527
絸,26912
敦,08440
镀,80747
籋,88227
撺,53056
杢,40102
燘,97820
孉,44415
浂,38184
蹙,53801
霞,10247
墵,41131
瀐,33150
鋳,85140
諪,00621
喾,90601
恍,99012
柭,43947
作,28211
栵,42900
苍,44712
偻,29244
髬,72109
槟,43981
灻,40809
擞,58040
瞡,66012
寠,30404
坪,41149
髁,76294
聐,14461
娉,45427
郆,47627
错,84761
翼,17801
洁,34161
罄,47772
譵,04600
升,24400
貂,27262
忘,00331
坺,43147
菮,44287
睺,67084
恅,94012
腰,71244
緮,28947
銿,87127
捬,50040
乱,22610
凿,32772
愸,44332
続,24912
晔,64041
駬,71340
嗞,68032
鐇,82169
勊,44212
秔,20917
餆,82713
歺,21207
遐,37304
营,44606
彀,47247
匏,47212
邰,27627
礏,12695
菻,44994
鯮,23391
芗,44202
菹,44112
傽,20246
紽,23912
泛,32132
梨,22904
率,00403
肾,27227
鞫,47520
籷,92914
爁,98812
燔,92869
嚼,62046
荢,44401
鸦,77227
犣,22512
欌,44953
昗,60800
鼬,75760
鳫,71227
揍,55084
悧,92000
芭,44717
餮,18732
脲,77292
朔,87420
雴,10108
蜬,57172
洂,30130
鮴,24390
羻,80547
隡,70215
苇,44527
偾,24282
痉,00112
爄,91827
彰,02422
巢,22904
野,67122
壁,70104
泡,37112
禾,20904
棕,43991
滱,33114
驾,46127
謺,45601
萩,44989
煀,97872
縡,23941
儚,24227
鶒,57927
崲,26714
挡,59077
惟,90015
嗭,40612
耜,57977
牥,20527
杓,47920
硐,17620
濴,39192
锶,86730
苏,44330
躛,21801
勷,04727
蝖,53116
鬳,21227
皼,44147
碡,15657
羵,84586
虢,21317
蘯,44102
鯬,27336
蠞,88136
袑,37262
敔,18640
髙,00227
曪,66015
鵢,27227
痢,00120
虲,53100
虫,50136
鄥,27327
豕,10232
冒,60600
妁,47420
瀊,37112
膆,75293
軄,23250
壎,42131
錴,84114
辞,20641
埊,22104
龘,01211
榸,46915
嵇,23972
鱫,22347
腚,73281
挶,57027
欗,44927
汴,30130
琑,19127
哭,66804
雄,40715
侦,21282
麫,41427
脚,77220
榹,42917
冴,31140
钗,87743
鹉,17127
荫,44227
鯞,27327
稀,24927
瀵,39181
烸,98857
煪,98864
鳪,27027
鲀,25117
绝,27117
琏,14135
雾,10427
味,65090
濓,30137
詓,04632
段,77447
樭,44914
逝,32302
揭,56027
誈,01614
溑,39186
鲻,22163
葧,44427
庀,00212
螓,55194
皘,25627
爏,91811
蠒,10136
介,80220
绳,26116
寒,30303
蜌,52114
焩,97820
駲,72300
糹,22903
邧,17227
祑,35280
浵,32122
臓,74253
絒,22900
蜹,54127
韪,65802
恊,94027
鱡,23350
婒,49489
摴,51027
璁,16130
柘,41962
繊,23950
嬷,40432
姴,12404
慸,44332
辸,37302
裃,31231
釐,58215
楗,45940
醣,10665
偓,27214
憀,97022
愝,91014
晷,60604
戆,07338
郫,27427
銞,27109
阷,71211
嶝,22718
崹,20727
啬,40601
蝩,52115
誸,00632
氄,12214
獚,44286
櫜,50904
騚,78321
軚,54030
騦,76330
殕,10261
讴,31714
湋,34156
埃,43184
钪,80717
吒,62014
妒,43407
庄,00214
斣,64100
獔,46248
泱,35180
珰,19177
棁,48912
兼,80237
蜘,56100
鄁,17227
幚,57227
焤,00809
盰,61040
檮,44941
黐,20927
绂,23147
背,12227
嘲,67020
驑,71362
珚,16100
綦,44903
汑,32114
翵,17127
屩,77227
曺,50606
膒,71216
攴,21407
僒,23267
慡,94084
员,60802
閸,77102
粷,97920
藌,44136
嵆,23772
匴,71714
捃,57067
导,77341
宫,30606
譝,07617
砩,15627
膷,77227
渍,35182
溜,37162
疑,27881
渨,36132
袬,00732
钒,87710
獉,45294
騴,76344
晽,64090
跅,62141
齺,27727
朝,47420
敿,28240
壋,49166
罹,60915
刡,72700
暂,42602
壭,40227
馎,23742
城,43150
缑,27184
峺,21746
恲,98041
攥,58093
疈,11666
怣,25338
惝,99027
妭,43447
蹉,68112
琄,16127
燨,98853
亶,00106
竖,27108
阚,37448
赳,42800
郑,87827
蒆,44404
撷,51082
牂,28251
靗,59212
贤,27802
殅,15210
冸,39150
臛,71215
鍓,86141
桨,37904
法,34132
努,47427
甴,40600
氖,80217
譃,01612
懖,82336
副,12600
蜟,50127
狮,41227
檛,47932
瞖,77604
灺,94812
梩,46915
遌,36302
薜,44241
黓,63340
鏶,80194
醚,19639
祍,32214
辜,40401
毸,26713
貹,65810
炯,97820
崤,24727
残,13250
杭,40917
里,60105
抬,53060
麹,57420
玬,17140
沑,37112
菿,44120
賩,63891
驩,74315
鳄,26127
馉,27727
鯸,27384
匛,71718
袡,35247
曊,65086
谶,33750
鸊,77227
槜,40927
昢,62072
奱,22804
纻,23112
訋,07620
膥,53227
黫,61314
犙,23522
薇,44248
穦,23986
鈼,88111
嵿,22286
擉,56027
蒗,44132
旔,05240
佩,27210
袄,32284
沣,35100
巔,22886
磏,18637
晜,60227
邒,17227
铄,82794
愭,94061
琚,17164
擂,51061
嚯,61015
珳,12142
曓,60408
幤,98227
涭,32147
羽,17120
勾,27720
鈯,82172
烌,94890
丹,77440
坸,47120
慠,98040
院,73212
梢,49927
繏,27981
邈,36301
梸,42900
踵,62115
熖,92877
伺,27220
厫,71248
坧,41162
鞞,46540
癞,00182
漉,30112
荚,44805
椤,46927
粏,94930
秞,25960
眿,63092
癴,00152
鏲,80153
瞅,69080
蟛,52122
缐,26192
吰,64032
碧,16602
箣,88923
逆,38304
樉,44984
媰,47427
啶,63081
蓟,44120
袪,34232
疓,00127
溢,38112
伿,26280
粀,95900
坘,41112
昍,66000
鴜,22327
媈,47452
舃,77327
吸,67047
諩,08612
箭,88221
殟,16212
杺,43900
扽,55017
嗡,68027
逻,36302
雱,10227
儹,24286
輡,57077
浡,34147
嗟,68012
傩,20215
蛅,51160
艾,44400
衘,21221
貭,72286
稪,28947
垊,47147
趤,43806
逢,37305
淣,37112
韑,94215
礸,14686
瞓,62000
廉,00237
序,00222
唇,71263
蜡,54161
翐,15180
瞻,67061
泄,34117
峰,27754
绰,21146
鞛,40561
爅,96814
抛,54012
礩,12686
嚡,64014
巃,22211
伉,20217
縺,25930
霊,10102
哴,63032
馦,28637
爸,80717
芟,44407
阠,77210
区,71714
蜞,54181
枪,48912
末,50900
亘,10106
暅,61016
屿,21727
吮,63012
岯,21719
膲,70231
饂,86712
埜,44104
跽,67131
由,50600
軞,52014
炳,91827
瓅,12194
叀,50736
篆,88232
瓍,14132
囻,60747
螵,51191
椭,44927
処,27401
茬,44214
亀,27716
荭,44112
謆,03627
隤,75286
喖,64060
鱩,21361
籀,88562
皏,28641
蓄,44603
鸐,17227
髚,00217
萙,44912
嚒,60032
旈,00212
衒,21221
稍,29927
趖,48801
馔,27781
赑,77882
楄,43927
磶,17627
焈,37809
秨,28911
眒,65006
纥,28117
禊,37284
勄,84727
氱,80217
聱,58401
髼,72504
嶒,28766
挖,53017
廧,00261
婂,46427
瑾,14115
凧,77210
虻,50110
松,48932
浑,37154
菟,44413
躤,64161
犟,16503
襭,31286
酬,12600
劅,62100
眈,64012
縤,25993
跤,60148
峖,23744
譥,28601
针,84700
坍,47140
菪,44602
葵,44804
獠,44296
框,41911
伆,27220
茯,44284
廇,00262
壅,00104
缵,24182
険,78286
燚,99889
鸫,47927
慻,99068
逫,37304
颔,81682
肮,70217
观,77412
漄,32114
綖,22941
檥,48953
渣,34116
虏,21227
漒,36136
鴩,27827
癖,00141
荼,44904
拥,57020
灖,30111
仐,80400
岟,25780
潂,32112
角,27227
籼,92970
袺,34261
朊,71212
嘠,61053
惍,98019
騇,78364
眇,69020
賥,60848
螋,57147
綧,20947
粅,97920
槱,41936
觡,27264
渓,32184
勴,24227
侽,26227
魹,22314
鬊,72608
吅,66000
媺,48440
菜,44904
掏,57020
姏,44470
籄,88718
螷,00236
驖,73350
窳,30232
塭,46112
蘒,44916
廙,00281
倳,25207
萔,44562
蛦,55182
辈,11504
飺,22732
群,18651
澶,30116
睙,63084
索,40903
蟸,10136
绩,25182
澃,21902
掦,56027
乘,20901
崦,24716
揌,56030
蛂,53147
鄀,47627
誊,90601
褠,35247
屲,20772
繴,70903
咲,68084
儨,22286
凳,12217
扄,30227
习,17120
岃,22327
鴊,17127
乞,80717
娅,41412
坴,40104
贂,63822
槴,43917
屳,80772
吉,40601
疥,00128
缩,23162
兞,42211
嶭,22741
裧,39289
耧,59944
刲,42100
蝻,54127
谝,33727
纯,25117
膧,70215
栨,47982
踂,61112
馷,75327
滤,31131
橧,48966
辌,40596
侺,22227
涊,37132
笝,88603
委,20404
桻,47954
踔,61146
晖,67054
蹂,67194
泲,35127
嬎,45411
闧,77303
洼,34114
鴥,23382
矺,12614
岾,21760
杦,47980
砥,12640
嶰,27752
氕,80217
砙,11617
卢,21207
搵,56012
枰,41949
嫍,42477
湲,32147
腔,73212
哀,00732
嗨,68057
速,35309
憣,92069
东,40904
壾,41117
唗,64081
銙,84127
烀,92849
覤,26212
顊,21486
蛃,51127
毺,28712
诖,34714
氝,80217
绽,23181
扊,30289
洢,37107
耋,44104
橙,42918
欯,47682
冲,35106
楢,48964
跃,62184
矤,18284
弘,12230
垮,44127
笩,88243
姼,47427
鑡,81172
筄,88113
贞,21802
圮,47117
啷,67027
湄,37167
镲,83791
噙,68027
孂,48412
厽,23732
龤,82262
慧,55337
潳,37164
騻,74384
塬,41196
箻,88257
圣,77104
端,02127
飞,12013
蘟,44237
茆,44727
编,23127
帑,47227
煡,95840
硘,16600
靥,71262
颽,27110
覸,76212
梼,45940
阾,78232
蛉,58132
鴼,27364
髇,70227
抃,50030
辎,42563
漐,45902
駻,76341
冿,35107
鮄,25327
衪,34212
映,65080
橘,47927
兊,80212
厾,17710
詏,04627
鶠,77727
嵃,20722
腯,72264
鬂,72801
鸉,46327
桠,41912
觍,57812
旉,53227
丳,55006
闇,77601
哹,62047
鹭,67127
鞤,44506
蜾,56194
捸,55099
蔝,44694
黕,64312
凜,30194
鱾,27117
諨,01666
嵌,22782
淞,38132
赔,70861
觜,22227
崑,22712
陒,77212
蠗,57115
竳,02118
杮,45927
奡,10228
苞,44712
鏻,89159
捓,57027
哸,62044
晛,66012
岑,22207
甀,21117
鹟,87127
懊,97084
働,24227
窖,30601
璄,10112
稆,26960
荽,44404
簛,88821
尲,48013
存,40247
糦,94961
恢,94089
猡,46227
阗,37801
檰,46927
使,25206
魍,27512
棝,46900
喵,64060
甜,24670
杯,41990
攵,80400
絣,28941
鹜,18127
宣,30106
槊,87904
摇,52072
蛀,50114
頉,21186
醍,16681
扬,57027
櫅,40923
璖,11194
椸,48912
婑,42444
季,20407
妀,14740
孪,00407
牨,20517
簴,88281
熂,98817
歠,77682
鞚,43512
褱,00732
玜,18132
顤,41286
弮,90027
閯,77129
塃,44112
务,27427
疮,00112
佝,27220
栲,44927
鮾,22344
咱,66002
浭,31146
零,10302
茣,44804
锪,87732
郗,47227
啲,67020
熮,97822
被,34247
眤,67012
孕,17407
变,00407
昃,60281
勚,44827
齁,27220
瓳,41617
貃,26202
裋,31218
綵,22994
范,44112
溅,33150
黭,68346
輁,54081
祒,37262
纺,20127
半,90500
颜,01282
霦,10922
旅,08232
勤,44127
浆,37902
敨,08640
沸,35127
堠,47184
斨,22221
斮,42621
韰,27101
屷,27727
輰,56027
葿,44267
菲,44111
媕,48446
齻,24781
夺,40348
桂,44914
髅,79244
呔,64030
粜,22904
饥,27710
葹,44212
箜,88102
涋,33184
礯,19693
菛,44227
并,80441
盀,23102
佻,22213
挤,50024
锴,82762
珂,11120
嗈,62017
鞓,46514
玙,11127
臌,74247
岲,26712
鱁,21333
刑,12400
蒶,44927
簊,88104
稁,00904
泔,34170
朗,37720
碏,14661
锼,87747
褝,39250
囏,44861
墝,44112
犘,00259
肭,74227
鹂,17227
砳,11662
霷,10627
缺,85780
婏,47413
郝,47227
朮,43212
诓,31711
飰,80730
胪,71207
棶,44998
秹,22914
槖,40904
鲜,28151
露,10164
蛹,57127
担,56010
閵,77215
硵,11660
恻,92000
伥,22234
恋,00333
蚆,57117
脗,77262
灲,92800
趬,44801
雎,70115
嚰,60062
运,31303
煯,92862
韹,06614
徚,25296
珋,17120
谥,38712
珼,16180
虉,44227
聚,17232
应,00219
邌,37309
队,78200
榺,79294
攻,18140
哨,69027
濌,22169
殶,07147
倾,21282
瞲,67027
拯,57019
棪,49989
曣,64031
輷,57020
调,37720
茍,11627
淓,34127
鉴,28109
揋,56032
瓒,14182
摖,57091
覚,90212
泞,33121
剑,82100
穊,21912
駂,21427
茳,44112
蚾,54147
羀,77602
您,27339
怽,95090
草,44406
徘,21211
拇,57050
琣,10161
圃,60227
粛,50227
峈,27764
鍄,80196
璠,12169
龉,21761
跉,68132
梈,40927
鉔,81112
粓,94970
鹎,27427
卒,00408
礴,14642
礃,19652
筦,88212
槰,47935
蒾,44309
箫,88227
癳,00193
塁,60104
銆,81162
男,60427
甧,25227
羡,80182
让,31710
蜓,52141
焰,97877
毈,77747
鵚,27227
垁,48184
镶,80732
魌,24518
阁,37604
鱑,24386
嘺,62027
贎,64827
邔,17727
舦,24430
犑,26584
冉,50447
佅,25290
竁,30714
懱,94053
沭,33194
椧,48927
亮,00217
拣,55094
猗,44221
堗,43184
牿,24561
釪,81140
闽,37136
疔,00121
亸,08456
鰚,23316
扨,57020
脍,78232
绹,27120
赕,79889
偯,20232
醲,15632
盗,37102
隿,40015
禞,30227
増,48166
昨,68011
馏,27762
蟭,50131
俀,22244
糺,22910
漭,34148
髣,72227
溘,34112
伯,26202
嘁,63050
螛,53165
绊,29150
遗,35308
懁,96032
縏,27903
怦,91049
株,45990
教,48440
蓐,44243
鰪,24312
识,36780
邴,17227
以,28700
抂,51014
芼,44714
甐,91217
涨,32134
慃,98027
蚿,50132
圔,60102
陃,71227
葁,44404
囧,60227
馗,48016
鄇,27227
罤,60227
翠,17408
偲,26230
滠,31147
祗,32240
罨,60716
飧,28232
瑖,17147
庎,00228
性,95010
韯,43150
宠,30414
讫,38717
祮,34261
锬,89789
鞍,43544
鉱,80132
萈,44213
祖,37212
亚,10102
袛,32240
澹,37161
忈,10331
瘤,00162
谽,88662
栩,47920
籫,88806
防,70227
駴,73350
銺,24109
潊,31147
陮,70215
墩,48140
瑕,17147
郶,06617
晃,60212
薼,44214
旗,08281
犩,26501
抖,54000
慰,74330
魞,28300
檵,42913
鷿,70327
塙,40127
螂,57127
窣,30408
琝,16140
躔,60114
郾,77727
珘,17140
耇,44627
蔈,44901
鞹,47527
培,40161
璇,18181
洖,36184
司,17620
楉,44964
躲,27294
誐,03650
勻,27120
聡,18433
媅,44418
潣,37120
鰽,25366
颐,71782
鈖,88127
皠,22615
衱,37247
凼,22770
厺,40732
駹,73314
佦,21262
噿,67048
躀,67186
俭,28219
栋,44994
榽,42984
呸,61019
咈,65027
酶,18657
裱,35232
彖,27232
蓢,44727
偣,20261
黀,00247
淀,33181
矮,82844
焉,10327
蔱,44947
氓,07747
焧,98833
聟,86401
厳,90248
娼,46460
蒎,44132
癍,00114
盖,80102
襁,36236
揿,57082
焆,96827
譊,04612
庤,00241
焬,96827
螅,56130
侈,27227
鵺,07227
护,53007
愽,93042
滀,30163
鱌,27332
狯,48232
呵,61020
祬,31214
逦,31302
塝,40127
狫,44212
貕,22284
勼,27420
鳦,27310
舾,21464
蒏,44604
矖,61012
佂,21211
橬,41961
翙,27220
铨,88714
餀,84740
渫,34194
淴,37132
粂,27904
褬,37294
懂,94015
缘,27132
鍒,87194
憩,26330
陫,71211
诟,32761
涗,38112
闺,37104
雥,20215
瑢,13168
硚,12628
孟,17102
问,37601
剅,12100
賎,63850
曅,60504
践,63150
獓,48240
曕,67061
醉,10648
缤,23181
跻,60124
沱,33112
芪,44742
頠,21286
簯,88981
鰕,27347
偁,22247
嵅,22253
溺,37127
羒,88527
腭,76227
啀,61014
焝,92864
塳,47135
吺,67047
觺,27227
辽,37302
蛱,55180
厘,71215
安,30404
破,14647
锁,89782
餢,80761
爮,77231
畒,08600
疀,25681
鉘,85127
狈,47282
藒,44927
覀,10600
忬,97022
壣,42172
襈,37281
膡,79268
猋,43884
堣,46127
垐,37104
侉,24227
少,90200
癚,00161
銮,00109
夕,27200
獟,44212
昧,65090
暕,65096
逛,31301
麁,27212
巾,40227
璴,14181
嶻,22253
闲,37904
覣,26412
镟,88781
渷,30116
浳,33127
鼷,72784
舵,23412
嚋,64041
糏,97927
揩,52062
晋,10601
硫,10612
姢,43427
猆,11804
虠,01417
鮩,28341
憉,92022
緧,28964
符,88243
錿,81117
答,88601
弡,11217
糁,93922
彦,00222
重,20105
硉,15607
倂,22241
閟,77334
胢,71220
霁,10224
骗,73127
榻,46927
栛,44927
浗,33199
蓪,44302
曽,80606
啃,61027
政,18140
盉,20102
碲,10627
四,60212
支,40407
烽,97854
獐,40246
藜,44909
邠,87227
钍,84710
糒,94927
煤,94894
荣,44904
倜,27220
姠,47420
烼,91832
聛,16440
嬊,44404
颬,71214
拿,80502
鋛,85106
百,10602
飹,87720
酁,27427
觬,27212
赇,73899
憄,24331
怯,94032
偷,28221
垴,40172
迊,31302
橇,42914
趧,46808
谪,30727
蚰,55160
劏,92600
堜,45196
鼻,26221
铖,83750
鄙,67627
鄛,27927
籅,88801
匟,71711
哤,63014
廅,00212
咜,63012
齽,24791
恁,22331
僧,28266
尻,77217
刍,27177
馑,24715
琖,13153
囶,60104
爷,80227
鵘,17627
玑,17110
鋊,88168
硩,52602
麌,00284
楫,46941
疡,00127
搎,52093
舄,77327
柱,40914
宊,30804
氭,80917
矐,61015
牄,28267
嵎,26727
鞩,42500
涽,32164
凩,77210
紞,24912
嵣,20765
否,10609
髠,72217
黜,62372
鴾,27527
髞,06294
敁,21647
籹,94940
证,31711
駗,78322
硾,12615
畷,67047
爢,00231
晥,63012
孚,20407
瀞,37157
搃,58036
啇,00227
屢,77244
鑪,81112
堍,47113
郎,37727
秉,20907
曥,61012
瞧,60031
噕,20602
厒,71272
胋,71260
雊,20615
犀,77259
醗,12614
苘,44227
岞,28711
戚,53200
矍,66407
理,16115
裮,36260
髃,76227
掵,58027
覝,16812
楦,43916
唾,62015
么,20732
呤,68032
蹿,63156
据,57064
痃,00132
纆,26914
腝,71284
疱,00112
俊,23247
鹾,28612
句,27620
栞,11904
耯,54947
靡,00211
忺,97082
疽,00112
砚,17612
秖,22940
輢,54021
扁,30227
鱕,22369
甿,60010
翸,47820
黛,23331
懑,34332
鯎,23350
走,40801
镍,86794
殬,16241
推,50015
蒰,44447
琤,17157
烁,92894
尊,80346
溬,38113
尥,47012
皦,28640
曩,60732
蚨,55180
奶,47427
坅,48127
螊,58137
骢,76130
宇,30401
俹,21212
接,50044
鬛,72712
猫,44260
噻,63014
闀,77717
匲,71716
禄,37299
嘶,62021
騪,77347
訤,04640
稲,22969
傍,20227
嫑,10404
浅,33150
睹,64060
犰,44217
言,00601
麨,49420
玖,17180
缃,26100
稔,28932
恈,93050
酸,13647
哅,67020
礿,37220
研,11640
痊,00114
褰,30732
迻,37302
铓,84710
桥,42928
綕,24931
碰,18612
雠,20215
禖,34294
姞,44461
翗,27220
桪,47947
哯,66012
砊,10617
哎,64040
鲅,23147
该,30782
逰,38304
豙,00232
碄,14690
彘,27712
屚,77227
驽,47127
蛧,57120
管,88777
獩,41253
茿,44117
縸,24984
身,27400
埇,47127
韼,07635
攀,44502
臼,77770
泖,37120
什,24200
蠌,56141
鳾,17227
鸳,27127
颠,41882
頛,51986
宭,30607
肀,50007
囦,60902
瘨,00181
鍷,84114
鎜,27109
陕,75280
巏,24715
譛,05668
埁,42127
胏,75227
岉,27720
絿,23999
芹,44221
楍,40669
捜,55047
住,20214
騜,76314
钻,81760
艩,20423
鶳,21327
写,37127
魒,21519
麍,00212
鲑,24114
蛜,57107
閳,77506
炩,98832
糱,20904
簻,88302
諿,06641
敼,41647
漟,39114
食,80732
尫,11211
咴,64089
倎,25281
凭,22217
遅,37305
枆,42914
尒,80900
扼,51012
铮,87757
腮,76230
籆,88407
鉇,88112
篏,88782
癹,12407
宙,30605
礠,18633
飑,77211
佼,20248
蘌,44901
绕,25112
蓡,44147
鶦,47327
淧,33134
迢,37306
谿,28868
礜,77602
镖,81791
鶜,47227
甹,50027
薤,44211
鼺,76760
欰,27182
龙,43014
揘,56014
燎,94896
醏,14660
幯,48227
铕,84727
瓩,12714
棓,40961
涮,32100
灈,36115
钜,81717
仱,28227
孬,10447
艐,22447
套,40732
拶,52027
屋,77214
期,47820
娰,48400
牐,22077
藿,44215
妽,45406
腑,70240
昡,60032
嚩,63042
焚,44809
楣,47967
薿,44881
揅,11502
雁,71215
泠,38132
雫,10231
豽,24227
絊,25930
尃,53342
旻,60400
楷,42962
庭,00241
茢,44220
偌,24264
漇,31181
旌,08215
趽,60127
戤,13150
沈,34112
黸,61312
泎,38111
鮹,29327
涼,30196
蝈,56100
騋,74398
焟,94861
鲱,21111
旱,60401
鼸,78737
藔,44906
门,37001
筶,88601
紏,24900
鈵,81127
蓎,44265
岬,26750
风,77210
礼,32210
柰,40901
黧,27331
饯,23750
弻,17227
訙,05617
塍,79214
渴,36127
陂,74247
缄,23150
怾,96080
枦,43907
懗,94031
颖,21982
顮,31886
耿,19480
簵,88564
尰,42011
熫,90837
壜,46131
烪,98884
圹,40100
每,80757
洨,30148
闄,77404
厤,71294
规,57812
勐,14127
旴,61040
崎,24721
悯,97020
匍,27220
苙,44108
裠,17732
魅,25519
珯,14112
靅,15786
欠,27802
寕,30201
芕,44207
垏,45107
寫,30327
凡,77210
镉,81727
謪,00627
騨,79350
绵,26127
詄,05680
蕮,44327
瘢,00147
氞,80217
觩,23299
肺,75227
篥,88904
亟,17104
葆,44294
驱,71114
暶,68081
笴,88621
庿,00264
孞,17334
奇,40621
獢,42227
甚,44718
澭,30115
顃,91886
秺,23914
孯,77407
誱,05681
臻,15194
眉,77267
向,27220
潼,30115
戍,53200
晓,65012
分,80227
篜,88331
晾,60096
珝,17120
鶍,67227
誏,03632
邸,77727
扖,58000
蕦,44286
骅,74141
尝,90732
噘,61082
垍,46102
迿,37302
阋,37212
箪,88506
汅,31127
捐,56027
摮,58502
瑃,15168
撌,55086
覑,26012
狣,42213
膝,74299
璐,17164
袰,77732
橵,48940
傤,23250
丯,50000
嶶,22248
羑,80807
駪,74312
皈,22647
蠃,00217
溯,37120
讼,38732
诹,37740
炛,90214
猾,47227
譡,09666
娈,00404
壸,40102
鯙,20347
囸,60101
愥,94085
戉,53700
骃,76100
馵,71442
篮,88102
汈,37120
涳,33112
牃,24294
竮,07141
鹗,67227
效,08440
麬,44447
嗀,47647
箔,88162
絤,21964
遂,38303
僋,28286
矑,61012
蟕,52127
皔,26641
颋,11482
褴,38212
弉,24441
嘫,63038
埤,46140
甾,22603
継,29919
搊,57027
鑨,81111
压,71213
侜,27240
踮,60161
幥,49252
靛,53281
姇,24404
占,21600
懐,90032
罯,60601
汢,34110
柠,43921
霩,10427
憱,93012
嗰,66000
沨,37110
蹳,62147
註,00614
璶,15112
筁,88605
崘,28727
櫆,44910
仼,21214
鄽,07227
鯋,29320
埅,70104
碒,18619
橊,41962
曳,50006
盛,53102
腙,73291
躈,68140
熃,17809
跾,28801
嬣,43421
煰,96860
奌,21804
壦,44115
笘,88601
鋞,81112
迡,37301
骼,77264
嬘,48433
跫,17801
侮,28257
瞊,60065
啥,68064
韸,07654
缠,20115
覉,10521
乲,37717
瞷,67020
閅,77201
驨,72327
囙,60177
蝘,51114
高,00227
晿,66060
沛,35127
靀,10232
锅,86727
淅,32121
戛,10503
动,14727
澡,36194
伩,20240
莹,44103
灍,37120
喑,60061
遤,31302
笖,88783
罩,60406
蝼,59144
瘗,00114
朞,44227
俅,23299
韥,44586
舠,27420
稏,21912
胜,75210
浩,34161
筐,88711
暮,44608
峵,23732
裙,37267
较,40548
奄,40716
墼,57104
鞇,46500
鏖,00219
轰,40447
甍,44717
涣,37184
粙,95960
钁,86147
沂,32121
鉳,82110
醝,18612
硟,12641
饎,84761
頼,51986
埾,17104
壉,41132
樯,44961
袱,33284
瑶,12172
佞,21244
蝝,57132
恎,91014
欥,67082
凲,77210
珷,13140
錰,84139
鞷,10506
迏,34303
檞,47952
十,40000
砋,11610
猧,47227
逗,31301
揹,52027
丛,88100
嬴,00217
殓,18219
阼,78211
缚,23142
颀,71282
澚,36127
褶,37262
湀,32184
俒,23212
坼,42141
滐,35194
曒,68040
啊,61020
峋,27720
暧,62047
爵,20746
辣,05496
蟩,51182
靵,47512
玣,10130
矘,69031
儰,24227
囇,61012
軰,12506
鐚,81131
聿,50007
螸,87136
桉,43944
雤,77215
噾,63061
泽,37154
屏,77241
麙,00253
凫,27217
昽,63014
塎,43168
闼,37308
蓨,44227
甩,77212
楘,18904
饱,27712
踈,65196
邫,56017
忁,26299
幦,70227
嘽,66056
蹃,64164
巠,10102
琬,13112
擎,48502
鎹,88138
檂,45932
丕,10109
堲,77104
策,88902
苬,44600
蒞,44118
蓑,44732
廸,15406
趁,48802
辉,97254
糑,97927
粴,96915
錱,80114
駅,77387
衅,29150
砪,17650
摁,56030
埏,42141
嗱,68052
浞,36181
畵,50772
蒤,44194
恬,92064
喩,68032
肊,77210
岶,26702
噈,63012
蠢,50136
颌,81682
饾,21718
锉,88714
兿,80732
堭,46114
渺,39120
幌,46212
轷,42549
鰙,24364
櫒,44991
愗,18334
玵,14170
吏,50006
愆,21332
驈,77327
夜,00247
谹,84632
嗐,63065
憃,50337
眊,62014
汕,32170
鹙,29127
粿,96994
唋,68094
焇,99827
呢,67012
霵,10453
峬,23727
偪,21266
癎,00127
仃,21220
鮥,27364
提,56081
穘,24912
舰,27412
昀,67020
徇,27220
嬙,44461
誛,07647
兘,13216
橀,40912
寿,50340
骉,77127
寄,30621
鉟,81119
儧,25286
顺,21082
梭,43947
涸,36100
迂,31304
甮,27227
贼,73850
覊,10527
怊,97062
茄,44460
吱,64047
亝,23101
兮,80027
鮇,25390
峃,90772
鵗,47227
抜,54047
箇,88603
鞁,44547
尌,44100
僲,21256
頣,71786
沤,31114
枇,42910
厀,47920
鎝,84161
雕,70215
牒,24094
蹭,68166
蚬,57112
竫,07157
槵,45936
穕,20994
鴍,00327
婳,41472
綌,28968
渉,31129
蟤,57181
癏,00132
澵,32121
孔,12410
傐,20227
懮,91047
鞠,47520
瓰,18712
漧,38117
匢,71712
羊,80501
塧,48112
虍,21214
泌,33104
寶,30806
弥,17292
暇,67047
穗,25933
嵄,28784
柩,41918
俫,25290
撁,50053
岜,22717
訔,22601
鉽,83140
棞,46900
昄,62047
苭,44727
气,80017
隈,76232
恤,97012
唟,40612
杹,44910
蜏,52127
篕,88102
鬫,77448
垯,44138
搌,57032
粡,97920
不,10900
讵,31717
奂,27804
蜑,12136
逓,32302
黚,64370
啹,67064
虪,27231
匸,71710
骘,71127
傲,28240
辺,37302
洊,34147
喘,62027
肷,77282
槃,27904
孾,16444
翉,57220
儩,26227
锛,84744
乾,48417
沔,31127
趝,48803
渔,37116
诞,32741
辰,71232
襒,38240
窠,30904
肜,72222
嵼,20715
鍐,82147
佃,26200
籊,88215
毮,59014
毽,25714
捡,58019
鯟,25396
痜,00117
螑,56184
慏,97080
螩,57194
屣,77281
嚧,61012
礣,14653
佛,25227
洈,37112
矈,66027
耕,55900
云,10732
淁,30144
铒,81740
瓜,72230
忲,94030
匙,62801
忭,90030
肄,25807
麒,04281
竵,01127
跌,65180
凾,17772
赲,44802
绘,28132
寰,30732
蚑,54147
蜛,57164
韖,47594
蝵,29136
概,41912
馅,27777
侇,25282
宴,30404
苩,44602
佚,25280
盅,50102
粚,98912
蹼,62185
杪,49920
旄,08214
蛇,53112
镛,80727
釆,20904
齵,26727
簗,88904
鴫,67027
蛍,90136
弩,47027
窦,30804
惒,26330
盬,78102
遍,33302
楙,44990
轲,41520
騲,74346
蕅,44127
烾,90104
皾,44847
粮,93932
闂,77712
鐟,85168
纛,50993
济,30124
兹,80732
鮘,23340
泴,12102
歊,07282
瑫,12177
蘡,44404
骷,74260
頨,11186
茭,44408
莝,44104
紸,20914
煃,94814
蝯,52147
磉,17694
祙,35290
麂,00217
穸,30207
胆,76210
鯩,28327
弹,18256
拄,50014
姮,41416
盁,17102
檍,40936
瑑,17132
燶,95832
嵗,22253
蜈,56184
赾,42802
臾,77807
赀,22802
愢,96030
腋,70247
窆,30302
踏,62169
鎎,88117
嵧,27762
倿,20244
嫖,41491
駉,77320
鋔,87112
公,80732
死,10212
会,80732
蟝,51194
骍,70141
虈,44666
拷,54027
掎,54021
扔,57027
抨,51049
彷,20227
圬,41127
耨,51943
粯,96912
櫌,41947
魿,28332
瑼,15143
槪,41912
藠,44662
獴,44232
沎,34110
妿,46404
勃,44427
裇,37212
荛,44212
竲,08166
尿,77292
泐,34127
鬸,17262
鎥,27109
峢,22700
鄈,17827
烕,53200
痴,00160
外,23200
绦,27194
帾,44260
壂,77104
鲪,27167
峦,00772
煭,22332
炠,96850
亯,00606
嗣,67220
煈,97810
駎,75360
俗,28268
譼,78601
契,57804
錺,84127
樚,40912
藊,44927
私,22930
鏀,81160
沀,17922
讻,32770
卟,63000
胙,78211
赼,47808
允,23212
坂,42147
蛏,57114
柝,42941
梷,27904
蔐,44227
拠,57041
鉝,80118
嵪,20727
麰,43450
拪,51064
堧,41184
縀,27947
夿,40717
俷,27217
轚,57506
丅,10200
娎,52404
距,61117
舐,22640
庺,00294
穿,30241
廓,00227
昭,67062
僺,26294
焠,90848
柧,42930
嫒,42447
殚,18256
驠,74331
朦,74232
鋘,86184
轠,56060
焎,52332
霨,10241
柶,46900
渁,32192
楼,49944
疴,00121
瑝,16114
藕,44927
噤,64091
坽,48132
駍,71349
呯,61049
碳,12689
采,20904
栖,41964
趵,67120
蚜,51140
潽,38161
洩,35106
笾,88302
鍪,18109
燞,27338
塜,47132
麴,47420
擥,78502
篔,88806
瓘,14115
跛,64147
衍,21221
泪,36100
厩,71212
雬,10904
錀,88127
屗,74210
隧,78233
蝓,58121
耲,50932
唎,62000
汀,31120
顝,71286
缈,29120
鴓,37027
琠,15181
疫,00147
坓,55104
唒,61064
雧,20904
鲸,20196
庱,00247
襧,31227
煲,26809
憨,18334
磔,15694
弞,17282
衷,00732
卝,11220
賟,65881
毪,23715
鼭,74741
宆,30027
乖,20112
騆,77320
臭,26804
耠,58961
饪,22714
喽,69044
瘦,00147
仍,27227
圭,40104
亩,00600
凙,36141
庘,00256
镌,80727
闳,37732
嚤,60052
蕏,44264
相,46900
効,04427
是,60801
瓉,15186
娖,46481
炦,93847
醅,10661
暞,66094
罕,37401
漫,36147
炣,91820
畖,62030
簦,88108
薦,44227
戽,30247
湓,38112
咡,61040
闉,77104
狁,43212
乓,72031
礇,17684
奖,37804
锝,86741
閇,77231
槝,47927
盐,43102
滕,79299
髫,72602
蒸,44331
祻,36200
頀,04647
鳜,21182
木,40900
菦,44302
炋,91890
短,81818
稛,26900
猺,42272
注,30114
慗,58334
搪,50065
豗,11213
虨,22222
碫,17647
淃,39112
騯,70327
锏,87720
鯜,20344
攘,50032
駏,71317
籧,88303
脷,72200
梣,42927
娘,43432
毱,27712
浪,33132
婛,40496
鱽,27120
韀,40527
歩,21209
癦,00114
爖,91811
皟,25686
繝,27920
寧,30201
扉,30211
呅,60040
皍,26727
懫,92086
禌,38232
鯱,21317
晱,69089
瞩,67027
疵,00112
娑,39404
坳,44127
祥,38251
钳,84770
郤,87627
翌,17108
薉,44253
胵,71214
爽,40804
挛,00502
艏,28462
砐,17647
踫,68112
栉,44927
超,47806
僚,24296
祟,22901
尶,18211
峡,25780
楿,42969
隫,74286
坈,47117
能,22212
袗,38222
瘰,00193
僭,21261
鹫,03127
鐮,80137
莌,44212
諠,03616
髻,72601
饻,20732
侚,27220
杸,47947
蘻,44903
嗝,61027
蕇,44506
霗,10132
璩,11132
籯,88217
孁,10404
霭,10727
巳,77717
騩,76313
叱,64010
苒,44447
賋,60848
嵕,22747
豱,16212
蜿,53112
岛,27727
胓,71249
铷,86700
堈,47120
谺,81640
叜,30407
剚,52000
鮀,23312
狐,42230
燠,97884
伏,23284
婩,42441
惄,27334
眘,40608
搬,57047
觳,47247
籎,88881
函,17772
瞢,44602
路,67164
棈,45927
夳,40101
罻,60240
傀,26213
碐,14647
瞎,63065
剏,87420
蛆,57112
持,54041
潜,35168
蘈,44286
皙,42602
祘,11991
暚,62072
塄,46127
蜒,52141
惊,90096
睷,65040
枉,41914
鼃,40717
嬫,49494
緃,28981
巌,22248
茪,44212
憈,91012
虓,41017
蠉,56132
汮,37120
菀,44212
駫,79312
覆,10247
挎,54027
粼,92230
滁,38194
鬅,72227
艥,23450
鳃,26130
壹,40108
瞋,64081
戕,23250
斲,72121
冢,37232
淮,30115
淋,34190
蛿,58162
鶽,27427
觻,22294
囗,60000
饽,24747
皑,22617
鲣,27114
悾,93012
螁,57133
颉,41682
汨,36100
潖,31117
飉,74219
建,15400
论,38712
扱,57047
僫,21231
鷐,67227
渇,36127
囷,60904
蟵,51140
禚,38231
伨,27220
堁,46194
瑞,12127
惁,42332
氅,98714
鐍,87127
髯,72447
宕,30602
嗂,62072
捎,59027
荔,44427
亓,10221
岧,22602
壛,47120
褢,00732
蹋,66127
顖,21386
啡,61011
牊,27062
撘,58061
痏,00127
嫘,46493
垙,49112
汧,31140
馻,73312
鹅,27527
殷,27247
成,53200
胹,71227
淹,34116
醆,13653
藓,44151
枕,44912
銶,83199
涡,36127
熟,05331
羟,87512
趈,41806
祔,34200
竚,03121
鸲,27627
蹜,63162
婹,41444
籝,88217
笺,88503
澕,34154
赆,77833
粖,95990
皌,25690
燝,96896
蕥,44215
墋,43122
比,22710
婓,11404
膎,72284
遹,37302
臅,76227
頢,21686
奺,47480
火,90800
坄,47147
卦,43100
玍,20104
屧,77294
豼,22210
舽,27454
暏,64060
臧,23250
錧,83177
姘,48441
衴,34212
居,77264
縍,20927
枷,46900
探,57094
至,10104
弶,10296
昘,60227
钃,87127
羓,87517
唏,64027
磮,12627
貮,13840
琈,12147
獆,46248
窈,30727
鲙,28132
楋,42900
衁,00102
旫,67020
粤,26027
赸,42807
熡,95844
哆,67027
胦,75280
触,25236
绡,29127
貋,26241
鼵,73784
艺,44717
洗,34112
具,77801
墂,41191
塢,47127
惉,31336
锠,86760
豏,18137
铭,87762
嬚,40437
哱,64047
麚,00247
飝,12413
捊,52047
吔,64012
濧,34100
嘪,66086
魕,22515
鍕,87152
续,24184
钶,81720
叟,77407
梪,41918
茶,44904
谵,37761
橤,33904
繓,26947
瘛,00132
苷,44774
软,47582
歪,10101
殃,15280
驺,77177
艿,44227
撵,55054
靌,10806
萼,44027
媝,29404
鎭,82181
混,36112
彏,16247
汰,34130
儜,23221
坢,49150
褭,00732
駶,77327
九,40017
瓴,81317
蓾,44601
羔,80331
点,21336
绔,24127
広,00232
叉,77403
倒,22200
笽,88102
邓,77427
馶,74347
褪,37233
銝,84190
娯,46481
攈,50094
璌,13186
蠥,20136
锕,81720
寝,30147
硈,14661
燓,44809
佐,24212
凗,32115
橒,41931
宦,30712
踸,64118
恔,90048
樿,46956
肁,30257
蚇,57187
筜,88177
模,44984
塾,05104
愀,99080
藋,44215
诘,34761
吓,61030
崫,22272
菣,44747
滫,37127
般,27447
屵,22201
鸒,77327
蕗,44164
勇,17427
萱,44106
嘉,40461
污,31127
恛,96000
金,80109
划,52000
炒,99820
奋,40608
嘊,62014
赛,30802
臂,70227
哪,67027
厁,84227
咢,66027
騱,72384
穑,24961
剃,82200
荧,44809
馿,73307
著,44604
竒,00621
湜,36181
萴,44820
瑟,11334
鴀,17927
嶾,22737
皎,20648
彽,22240
蕺,44453
钬,89780
艁,24461
阴,77220
围,60527
隀,72215
酒,31164
俘,22247
圱,24410
槒,40963
誳,07672
凉,30196
馞,24647
襓,34212
觊,27712
其,44801
閐,77714
崖,22214
恺,92017
闅,77407
逍,39302
宜,30102
衤,30203
栊,43914
敛,88140
蛌,52130
丁,10200
邛,17127
墎,47127
菡,44772
摦,52030
猩,46215
饳,22772
薛,44741
聬,18427
獝,47227
淬,30148
剽,12900
叩,67020
蝧,54185
伻,21249
店,00261
硴,14614
軎,50606
崄,28719
挑,52013
倱,26212
浛,38162
耽,14412
涯,31114
磰,18661
睑,68019
玂,42221
摓,57035
鏭,82139
儒,21227
现,17112
瘲,00181
凟,34186
迖,33308
嘿,66031
行,21221
瘁,00148
苮,44272
悉,20339
圜,60732
赏,90802
悟,91061
祼,36294
鬣,72712
蜮,53150
豻,21240
崪,20748
淾,80902
耵,11420
殍,12247
璙,14196
杀,40904
桙,43950
瓵,21617
芃,44217
痷,00116
包,27712
鞮,46581
荟,44732
婫,46412
鵛,17127
送,38308
綔,42293
躢,67120
娱,46484
案,30904
峥,27757
靧,15686
梞,47931
腜,74294
靎,10127
軱,52030
楞,46927
征,21211
畚,23608
麟,09259
諽,04656
圲,42140
绷,27120
毁,77147
氠,80517
毟,90714
挠,55012
尼,77212
甠,65010
鱆,20346
泅,36100
蒥,44602
呕,61014
蚈,51140
髱,72712
軦,56012
葳,44253
螤,05186
嫆,43468
歆,07682
钠,84727
筏,88253
栔,57904
鐞,87146
涾,32169
诛,35790
鰌,28364
倖,24241
轣,51011
鷡,87327
帮,57227
垿,40122
豠,17212
磕,14612
癸,12804
岪,22527
霈,10127
鉣,84132
慦,48334
茫,44110
諵,04627
瓮,80717
麷,42418
臶,14147
诰,34761
筝,88507
蓘,44732
鉵,85136
碇,13681
笜,88772
绶,22147
貦,61812
亼,80100
燢,77809
棡,47920
畗,30606
乎,20409
拐,56027
琯,13177
需,10227
侶,26262
棒,45958
埭,45199
麱,43427
倯,28232
鎁,87127
燪,94832
囹,60302
仡,28217
影,62922
脱,78212
樲,43940
嬇,45486
堮,46127
跬,64114
优,23212
畟,60407
屴,22427
村,44900
咻,64090
譞,06632
阮,71212
熷,98866
窇,30712
枒,41940
鈘,84147
褺,45732
憺,97061
萚,44554
鐆,78109
爳,20207
翎,87320
獑,42221
载,43550
詅,08632
又,77400
赥,47282
炖,95817
輂,44506
嘸,68031
兲,10801
鳷,47427
钴,84760
揲,54094
炟,96810
茻,22447
阏,37233
辔,22601
樊,44804
连,34305
涂,38194
崔,22215
耰,51947
佮,28261
嶆,25766
沓,12609
憢,94012
轊,55077
楆,41944
暣,68017
柚,45960
矨,82884
悸,92047
釞,88100
仒,80303
恟,97020
纬,25127
羕,80902
櫐,60904
徽,28240
嬾,47486
頍,41486
疼,00133
黏,21960
严,10201
姻,46400
晬,60048
浊,35136
烿,92822
葕,44221
禦,27901
领,81382
皡,26648
檩,40991
詉,07640
蓉,44608
涁,32122
馒,26747
塮,44100
鈂,84112
眽,62032
緀,25944
骡,76193
毎,80757
引,12200
卭,17120
豋,27108
俖,21269
腠,75284
鯂,21364
摾,56036
镰,80737
妗,48427
僻,20241
鄢,17327
愫,95093
毕,22401
榱,40932
唥,68032
諯,02627
喢,62077
赘,58802
髪,72407
飗,77216
溷,36100
縯,23986
疃,60015
歓,87282
偅,22215
宗,30901
禐,32247
馋,27733
屆,77272
绞,20148
蠎,54144
袩,31260
榨,43911
媣,44494
箬,88604
堻,35104
鄮,77827
钯,87717
悌,98027
滖,30132
狴,42214
塥,41127
娤,24404
想,46330
武,13140
蓌,44407
庋,00247
局,77227
餯,87732
兢,44212
秃,20217
庾,00287
寜,30201
鳼,07427
潍,30115
闙,77604
爹,80207
頧,21786
埞,43181
审,30506
抴,54017
墨,60104
筒,88227
醠,15612
捞,54027
完,30212
炥,95827
匈,27720
讆,21601
眂,62040
怘,40336
庵,00216
玼,12110
絘,27982
湙,30184
缇,26181
馐,28712
徾,28240
贒,75806
斆,78440
俴,23253
鲈,21107
鹿,00212
械,43950
殒,16282
式,43100
钕,84740
后,72261
咝,62011
槬,42930
桸,44927
粈,97912
鼥,73747
騥,77394
敒,28240
咬,60048
霥,10232
夒,10407
聆,18432
蓼,44202
磷,19659
谲,37727
茂,44253
荻,44289
涻,38164
坁,42140
矀,68040
彤,72422
栟,48941
哑,61012
堓,42141
拀,56012
禼,21224
瞠,69014
囵,60712
廿,44770
硁,17612
撤,58040
琥,11117
颍,21982
埪,43112
橉,49959
莾,44444
苯,44234
捛,56060
饆,86754
唘,07604
庰,00241
羠,85582
裆,39277
髷,72605
镋,89712
鳞,29159
蓸,44606
攇,53036
鉖,87133
媦,46427
蔒,44336
珊,17140
稶,23950
浃,35180
鬝,72227
趛,48801
偑,27210
鍾,82115
斠,54400
凰,77210
竴,08146
芢,44211
榬,44932
瀴,36144
犒,20527
挬,54047
履,77247
杍,47947
蓏,44232
鞆,41527
蠽,93136
赻,49802
鴱,47427
稐,28927
舥,27417
鹏,77227
移,27927
娞,42444
嫁,43432
捾,53077
铟,86700
鷍,27927
醙,17647
焔,97862
鱥,21353
悙,90027
曷,60727
彭,42122
娄,90404
肞,77243
扃,30227
硢,18694
贉,61846
湠,32189
翴,15130
傢,23232
攓,53081
傃,25293
嘞,64027
稞,26994
纫,27120
澅,35116
亄,42110
懛,94014
闷,37331
唑,68014
鸔,26399
襛,35232
腃,79212
痡,00127
塗,38104
蜀,60127
莴,44227
巭,14805
莺,44127
廂,00260
掝,53050
旣,21712
锔,87727
攃,54091
埧,47181
淩,34147
郓,37527
曭,69031
猹,44216
叨,67020
愚,60332
磍,13665
樻,45986
糛,99914
罘,60901
撯,58065
茊,44102
兾,80801
呲,62010
騒,77336
圶,40104
罗,60207
矪,87840
出,22772
尦,87212
逪,34306
捱,51014
苫,44601
莡,44801
鎺,87112
直,40102
埖,44114
泹,36110
梍,46914
學,77407
初,37220
乜,40712
頔,51686
臇,70227
燕,44331
鷮,27227
姨,45482
遖,34302
扂,30261
冕,60412
醺,12631
仟,22240
殁,17247
缌,26130
盜,37102
昊,60804
琾,16128
文,00400
蕣,44252
龄,28732
窂,30508
裛,00732
啝,66000
蹸,69159
暨,71106
薠,44886
害,30605
鹩,47927
勩,44827
杵,48940
掭,51038
养,80228
浴,38168
蜅,53127
匷,71711
郷,27227
沺,36100
猀,49220
赈,71832
皳,44947
叠,77102
含,80602
槁,40927
厓,71214
柴,22904
茉,44905
鞰,46512
栅,47940
餸,88738
榾,47927
袃,47732
頖,91586
梽,44931
膍,76212
嘣,62027
碖,18627
鶞,77227
忿,80332
胘,70232
崁,22182
觗,22240
误,36784
皫,20631
胾,43250
耳,10400
忆,97010
銔,81149
酘,17647
珀,16102
缲,26194
饣,27700
抓,52030
谐,32762
鷆,27827
亐,10027
蓇,44227
蟷,59166
餐,27732
仂,24227
喺,62093
簱,88281
箯,88246
砆,15680
倶,26281
馰,77320
乤,10717
鋡,88162
讥,37710
筢,88517
竃,30716
赅,70882
鋽,81146
瞴,68031
噆,61061
讍,01616
薎,44253
瀬,31186
鞧,48564
簝,88906
簂,88603
水,12900
髦,72714
剣,82800
瘊,00184
翚,17504
朂,60427
駊,74347
澟,30194
腐,00227
槻,46912
冀,12801
麲,46412
榥,46912
錌,82141
媊,48421
梱,46900
仞,27220
谄,37777
唛,65047
匩,71711
冡,77232
洦,31162
悱,91011
业,32100
蠬,51111
货,24802
斤,72221
反,72247
媢,46460
罺,60904
螀,37136
顭,41286
嘹,64096
洞,37120
萁,44801
邢,17427
嶩,25732
浠,34127
蟘,53186
冔,60641
紣,27941
富,30606
悐,49338
発,12414
奻,44440
坡,44147
沄,31132
銧,89112
稗,26940
睾,26401
軉,23286
鑜,89186
瑳,18112
贠,23802
镐,80727
艨,24432
川,22000
憹,95032
再,10447
碾,17632
繿,28912
昁,65027
奅,40727
莍,44909
焐,91861
靓,57212
庆,00284
磢,14684
盨,21102
筱,88248
揇,54027
荈,44250
待,24241
苡,44780
劆,02200
鼧,73712
瘥,00112
玎,11120
焊,96841
毷,62614
騽,77362
疬,00127
礶,14615
韭,11101
筨,88602
礟,14640
瞨,62085
枧,47912
箿,88401
妪,41414
畋,68040
褦,32212
韚,44556
锂,86715
僰,55809
銯,82193
俁,26284
駀,73312
燧,98833
蕬,44993
蘛,44727
磅,10627
娜,47427
躨,68147
鉌,82194
蔋,44147
哠,64061
凁,35196
婱,10404
昖,68032
貐,28221
琩,16160
鴤,27333
玶,11149
崂,24727
浜,32181
璒,12118
瀱,36121
鐷,84194
花,44214
寈,30227
龌,27714
獞,40215
俬,22230
軏,51012
鯣,26327
酃,17627
沢,37187
鲡,21127
橳,49927
懓,92047
钑,87747
堿,43150
奉,50508
胭,76200
霋,10404
鉧,87150
媳,46430
焺,96840
檃,72904
撗,54086
酥,12694
覛,76212
澛,37161
哓,65012
傻,26247
呗,67082
趩,46808
葂,44412
聗,14488
魈,29512
膙,76236
鄌,07227
昜,60227
鴲,27627
佒,25280
吃,68017
右,40600
滳,30127
衄,27112
筛,88227
俓,21212
螥,58167
婶,43456
获,44284
叶,64000
窒,30104
喜,40601
嶟,28746
釯,80110
顕,61186
怼,74330
鵩,77227
蔟,44284
濙,39189
綘,27954
蔼,44727
畏,60732
捦,58019
偐,20222
陉,77212
瞃,62064
刿,22200
滞,34127
姂,42432
瑐,18121
筭,88441
钰,81713
倪,27212
榆,48921
鈌,85180
桁,41921
帚,17227
瀫,37147
艘,27447
貌,26212
鸱,77727
旎,08212
淌,39127
婼,44464
姚,42413
躅,66127
惭,92021
磡,14627
鷨,47527
稣,22194
蠭,37136
拨,53047
襞,70732
翅,47402
劃,52100
艚,25466
佊,24247
氃,02114
垣,41116
嚮,27227
佤,21217
隦,70241
霬,10801
洹,31116
鳊,23127
藮,44931
眰,61014
芽,44241
箳,88241
悚,95096
榅,46912
脜,71262
钾,86750
芒,44710
析,42921
耗,52914
各,27604
鄅,27227
婝,43481
骭,71240
礈,18633
鳕,21177
岌,22247
啐,60048
坷,41120
渚,34160
檄,48940
甗,21217
串,50006
骒,76194
冤,37413
枡,44900
搞,50027
嵾,22202
之,30302
侴,80120
幑,28240
峍,25707
崽,22336
燳,97836
糃,96927
礽,37227
驿,77154
强,16236
津,35107
唴,68012
嫲,40494
鱵,28353
檹,48921
孹,70407
噏,68027
掰,22550
岫,25760
覫,06212
怮,94027
捺,54091
档,49977
臝,00217
鈨,81112
铸,85740
兗,00212
矌,60086
雏,20115
瀮,31194
龟,27716
盯,61020
鏂,81116
鳟,28146
閠,77103
绺,23164
糍,98932
掴,56000
页,10802
遑,36301
盏,53102
鍼,83150
潟,37127
檚,44981
禹,20227
蕄,44227
婴,77404
墍,21104
裻,27732
揙,53027
瀖,31115
疢,00189
处,23400
眔,60909
七,40710
趃,45808
桓,41916
婔,41411
蚂,57127
缼,87782
禭,38233
鶙,07227
嘬,66047
憆,99014
遮,30303
鶝,17627
堔,47194
逑,33309
祦,36284
攍,50017
妸,41420
褚,34260
逄,37305
眙,63060
炐,95800
毑,74712
蕑,44227
揆,52084
昇,60440
靽,49550
冹,33147
圉,60401
匘,22762
鍦,88112
蛥,57127
疣,00112
搢,51061
乆,28000
芿,44227
嗄,61047
鄸,47227
锡,86727
懻,92081
翾,67720
撮,56047
辨,00441
桊,90904
廖,00222
荵,44332
臆,70236
謱,05644
鰢,21327
烬,97833
嚖,65037
蒟,44127
罞,60222
抠,51014
鈤,86100
筂,88112
擢,57015
机,47910
夣,00207
孭,16480
剆,32700
苔,44603
聣,17412
囂,66668
蒇,44253
芣,44901
戗,83750
疻,00186
珑,13114
统,20112
譐,08646
榷,44915
籸,97910
拉,50018
倻,27227
镫,82718
鼝,32147
衜,21221
铧,84741
愉,98021
蕞,44447
伎,24247
臖,77227
廌,00227
牍,24084
儆,28240
芲,44712
潾,39159
駷,75396
弋,43000
坕,72104
斧,80221
胸,77220
穽,30558
踎,61169
燫,90837
夝,25210
夑,99407
勒,44527
阛,37732
贚,61811
憷,94081
恜,93040
咖,66000
碛,15682
糘,93932
蒌,44404
崠,25796
倽,28264
挟,55080
蟹,27136
蘷,11407
訉,07610
孽,44407
蔊,44841
溂,32100
陾,71284
夰,40228
聫,12484
侘,23214
咹,63044
鰇,27394
鏫,82194
椡,42900
仇,24217
濦,32137
糯,91927
泷,33114
昱,60108
鸮,67227
胖,79250
笏,88227
軝,52040
乮,77717
咕,64060
抟,55032
悬,77333
罶,60602
燰,92847
蒪,44342
沆,30117
贸,77802
悍,96041
厥,71282
贻,73860
鏥,83162
釂,12646
伞,80409
畈,62047
念,80332
簉,88306
撪,53058
蝶,54194
楚,44801
篈,88143
玴,14117
黇,41860
浀,35160
衑,21221
籽,97947
箧,88718
蠝,56160
侵,27247
梓,40941
糤,98940
骱,78220
集,20904
嗸,58604
鱱,21327
科,24900
乇,20710
綮,38903
鼛,44604
巐,22246
樐,41960
菐,32805
塕,48127
曂,64086
姌,45447
禃,34212
錝,83191
蝷,50147
菺,44227
廑,00215
顁,31886
呄,17604
驴,73107
幵,11440
俯,20240
踺,65140
鯥,24314
鲌,26102
訵,06600
朕,78284
茡,44407
堐,41114
葊,44446
淼,12992
萨,44201
蔌,44982
櫶,43936
瞈,68027
頪,91986
褖,37232
縥,25994
酷,14661
沏,37120
獋,46248
醯,10612
踃,69127
酫,18614
奦,17804
毫,00714
枃,47920
地,44112
痝,00114
魏,26413
磎,12684
骝,77162
箆,88712
黣,68357
蹶,61182
青,50227
鹒,07227
灨,37186
怐,97020
偊,22227
仸,22284
圼,60104
擌,58088
徭,22272
碝,11684
矣,23804
冨,37606
穀,47947
叫,62000
岸,22241
蒦,44407
籂,88727
惐,93050
氤,80617
磹,11646
囕,68012
赗,76860
擆,54064
邲,37027
牉,29050
辷,31300
玢,18127
睏,66000
立,00108
夤,27806
鯾,21346
卪,77220
蚲,51149
蒋,44142
戣,13850
枵,46927
癣,00151
镧,87720
淿,36127
守,30342
兄,60212
丷,80000
登,12108
舕,29689
玠,18120
壃,41116
穈,00294
蠷,56115
狂,41214
蒠,44336
技,54047
氙,80717
蹦,62127
亵,00732
睋,63050
薡,44227
奫,40128
婊,45432
份,28227
陧,76214
惇,90047
羰,82589
諰,06630
洎,36102
蘽,44904
豵,18281
朣,70215
鴚,21320
纤,22140
琓,13112
骬,71240
贀,77806
糕,98931
锾,82747
炨,93812
橴,42993
渐,32121
史,50006
摬,50012
漯,36193
濥,37186
麢,00261
盹,65017
圗,60604
鸅,67427
毙,22212
瘷,00148
吞,10608
碠,10621
輌,51027
抩,55047
誉,90601
阵,74250
碁,44602
焜,96812
蹆,67133
僦,23212
篌,88284
磠,11660
填,44181
磆,17627
卥,21600
贿,74827
舝,40503
帰,27027
吿,25600
荪,44490
麦,50407
郰,17427
膣,73214
歑,27282
越,43805
濒,31182
鸽,87627
厚,71247
嘓,66000
幋,27227
欀,40932
邿,47327
垧,47120
鼾,21240
改,18740
譿,05637
婰,45481
晆,64014
皹,47252
鼐,17227
胟,77250
堀,47172
竗,09120
郁,47227
繣,25916
糀,94914
美,80804
牧,28540
定,30801
畅,57027
奯,40253
狇,44290
豟,13217
冣,37447
髜,06240
栿,43984
匝,71712
汝,34140
偆,25268
橥,44904
蘴,44108
痺,00146
铲,80701
鮠,27312
浓,34132
慎,94081
弎,43100
壬,20104
蝪,56127
暸,64096
嫞,40427
俢,27222
燏,97827
歀,47982
仜,21212
仫,22232
裨,36240
咛,63021
爂,77809
栫,44947
嚊,66021
媼,46412
脒,79294
忶,91032
桞,47927
旟,08281
刭,12100
精,95927
醾,10694
謘,07641
印,77720
吡,62010
灯,91820
蒒,44727
辵,20801
粹,90948
龗,10211
晪,65081
傊,26286
馂,23747
渡,30147
鼞,44104
軇,24241
尾,77214
鑃,87115
鏠,87135
眳,67062
敲,01247
熊,22331
贁,68840
掠,50096
铴,87727
禙,32227
涷,35196
鋧,86112
汜,37117
耍,10404
碀,17657
饬,28727
痹,00121
凯,27710
鵼,37127
俞,80221
锽,86714
廛,00214
篅,88227
玳,13140
麖,00296
估,24260
饦,22714
砿,10632
鬒,72801
趪,44808
拈,51060
割,32600
溣,38127
匵,71718
墓,44104
拔,53047
蒡,44227
恳,77333
亿,27210
諃,04690
晫,61046
蓁,44904
裰,37247
幔,46247
妼,43404
甝,24217
蜤,42136
笇,88230
沿,37161
毲,72414
稨,23927
妙,49420
伛,21214
穬,20986
傟,28227
矹,11612
騞,75362
汚,31127
境,40112
湫,39180
赢,00217
盌,27102
猴,47284
蜜,30136
樎,43962
揻,53050
寨,30904
觷,77227
扗,54010
噺,62021
槶,46900
镚,82727
擗,50041
樥,44954
壪,42127
簪,88601
洫,37112
扟,57010
龀,24710
啧,65082
噋,68040
晎,64081
落,44164
芞,44017
挷,57027
穋,27922
樤,47994
宥,30227
侐,27212
礀,17620
儯,29227
椟,44984
蜗,56127
奎,40104
哲,52602
茎,44102
椾,48921
峝,22227
堤,46181
厌,71284
隟,72294
殊,15290
礲,11611
頱,21386
釮,84100
銄,87120
嬨,48433
崢,22757
霢,10232
棣,45999
喼,67037
羞,80102
朖,73232
螌,27136
偱,22264
逤,39302
钌,87727
镻,75780
喚,67084
撒,58040
电,50716
嵈,22747
塘,40165
啜,67047
丢,20732
腴,77287
锌,80741
嬉,44461
辡,00441
眖,66012
趘,47801
牻,23514
烚,98861
珛,14127
戋,53000
姅,49450
躴,23232
腏,77247
玷,11160
非,11111
沜,32127
庑,00212
萭,44227
柆,40918
醿,10693
椴,47947
踢,66127
灾,30809
煿,93842
瞚,63086
网,77220
餩,88782
挋,51012
抋,53000
贲,40802
傔,28237
獙,48240
皓,24661
淄,32163
峌,21714
挏,57020
譀,08640
撠,53050
囿,60227
够,27627
氧,80517
悈,93050
豑,58127
怒,47334
鲲,26112
圈,60712
簌,88982
巹,17717
擓,51011
皗,27620
劝,74427
祵,36200
腬,77294
掓,57040
见,77212
迠,31306
礔,10641
毬,23719
袅,27732
觎,87212
瑻,17186
煝,97867
揗,52064
瀔,37147
掬,57020
哼,60027
鵸,47627
谙,30761
淫,32114
雦,20215
崜,22715
霍,10215
竛,08132
賖,68894
芤,44412
盕,37102
鐅,98109
眡,62040
聒,12464
杠,41912
穄,27991
痮,00132
簟,88406
喤,66014
襌,36256
晐,60082
罛,60232
衻,37250
鞿,42553
膤,71277
煦,67332
权,47940
玺,27103
侰,27267
嬳,44447
萂,44906
醌,16612
迃,31302
鉷,84181
牭,26500
耖,59920
趰,41802
祋,37247
欱,87682
徱,21291
犿,40230
蠮,57127
舔,21638
耥,59927
霓,10212
岠,21717
瓐,11112
鋲,82181
嫠,58244
亠,00000
猪,44260
艹,44000
禵,31288
郣,47427
苕,44602
幹,48441
记,37717
翘,57212
轺,47562
睽,62084
魧,20317
胨,74294
曶,27602
鱋,21312
妖,42484
贫,80802
螉,58127
洜,27902
悝,96015
腘,76200
孊,40411
賶,68867
爞,95836
騝,75340
槂,42993
纴,22114
譢,08633
皲,34547
簋,88102
箨,88554
淘,37120
二,10100
壑,27104
毝,22712
準,30401
猠,45281
矅,67015
起,47801
譤,08640
盔,40102
阓,37802
大,40800
叴,40601
檭,47932
崾,21744
瓪,12714
秦,50904
箽,88105
纐,21986
霄,10227
绱,29127
坯,41119
嬦,44441
薵,44641
荡,44127
痕,00132
嵟,22215
衩,37243
扙,55000
葍,44606
黡,71231
竺,88101
棦,47957
掅,55027
蓥,44109
矏,66027
珩,11121
簲,88246
潻,32199
碓,10615
阈,37153
拙,52072
琶,11717
帔,44247
撸,57061
披,54047
滈,30127
锢,86700
穷,30427
墘,48117
攕,53050
夀,50641
麠,00216
枣,50303
劬,24627
遭,35306
馓,28740
霡,10292
銽,82164
崿,26727
侣,26260
芆,44403
桍,44927
蘰,44947
猄,40296
咏,63092
咑,61020
淈,37172
緽,21986
赃,70814
瓁,14147
柔,17904
黗,65317
衽,32214
倥,23212
滒,31121
欿,27782
憅,24332
踿,69180
叵,71716
即,77720
腻,73240
厪,71215
庸,00227
稝,27920
翑,17120
器,66668
梜,44988
鵳,37227
橽,44935
供,24281
詺,07662
俨,21201
关,80804
莂,44402
糐,93942
凖,30401
凛,30191
潦,34196
骕,75127
婽,47447
蜄,51132
未,50900
罉,89752
鋾,87120
阪,72247
捀,57054
骥,72181
鯅,22341
巇,23750
諊,07620
瘘,00144
尀,74700
茾,44441
啤,66040
姃,41411
氮,80817
秾,24932
蹾,68140
夌,40407
凕,37180
交,00408
签,88109
兵,72801
剢,12200
霫,10602
穱,22946
疺,00132
凝,37181
开,10440
旼,60040
奚,20804
雀,90215
誽,07612
胲,70282
焛,77809
他,24212
诧,33714
惚,97032
陶,77220
萞,44712
牔,23042
坖,10104
緟,22915
僃,24227
篶,88327
榛,45994
攺,78740
堉,40127
苄,44230
逖,39308
懩,98032
莨,44732
鐾,70109
呈,60104
郡,17627
鞅,45580
鉩,88190
鐛,86196
耈,44627
驋,72347
温,36112
秣,25990
苠,44747
溕,37132
厇,71214
藙,44247
籒,88562
稡,20948
阺,72240
夻,40608
槡,47994
鲘,22161
嗘,62084
酴,18694
踹,62127
憎,98066
撩,54096
踭,67157
餂,82764
畹,63012
梇,41941
粞,91964
痤,00114
轐,52085
藰,44120
龑,01804
滓,33141
剓,27227
憌,87332
婎,40415
盄,17102
予,17202
驓,78366
馪,23686
埬,45196
胛,76250
峄,27754
秱,27920
佫,27264
膀,70227
轻,47512
普,80601
瓞,75238
蒖,44801
鮲,23384
璑,18131
軧,52040
醑,17627
灜,30117
拆,52041
珽,12141
礹,16648
忑,10333
晟,60253
葛,44727
专,50302
菁,44227
装,34732
霠,10127
往,20214
麘,00269
飓,77218
裼,36227
酺,13627
媾,45447
兰,80101
蟧,59127
糊,97920
伖,24247
皽,04147
苲,44211
珤,18172
粋,97941
鉰,87120
矜,18227
涴,33112
姶,48461
黰,64381
珐,14132
鵿,26340
鄊,27227
諔,07640
润,37120
邯,47727
窑,30772
嬿,44431
鲼,24182
遦,37308
珸,11161
络,27164
槎,48912
荗,44253
蒁,44309
秒,29920
琐,19182
磀,18634
珖,19112
图,60303
闎,77902
鷢,71227
貗,25244
蹁,63127
翷,97220
峆,28761
暷,65043
颒,11482
猝,40248
歁,47782
祴,33250
捋,52049
偩,27286
彿,25227
婍,44421
毶,23712
傚,28240
鄝,17227
溒,34132
潢,34186
葜,44804
氏,72740
鋈,32109
玕,11140
弅,80442
乻,08717
濚,39194
琗,10148
减,33150
媹,47462
煽,93827
倴,24244
葙,44960
站,01160
奠,80804
挗,55082
彔,27902
畔,69050
壠,41111
蛈,55180
筡,88904
爒,24896
婵,48456
酵,14647
深,37194
瘖,00161
低,22240
坠,78104
敽,21247
蓖,44712
黙,63338
镁,88784
翓,47620
睰,64064
犳,47220
劰,24627
姹,43414
镡,81746
砛,18627
輀,51027
痳,00194
诨,37754
羿,17442
囬,60221
搝,56084
嬜,07404
埒,42149
彸,28232
焋,24809
鏿,89194
娐,42447
秳,22964
瑔,16192
譋,07620
黋,94218
炱,23809
洏,31127
騿,70346
喙,67032
匣,71715
兌,80212
螦,55193
藫,44146
莁,44108
猳,47247
粩,94912
盺,62021
樛,47922
鸜,67227
剔,62200
摛,50027
丩,22700
鼔,41147
瑴,47147
呉,26801
綇,21964
曛,62031
艭,20447
诗,34741
焁,67809
澻,38133
仚,80772
枺,45990
蔽,44248
搉,54015
碘,15681
虐,21214
赋,73840
剶,22200
齝,23760
暛,68012
伂,25227
葔,44284
馝,23604
殴,77747
鵀,22327
膘,71291
麓,44212
黾,60716
晁,60113
次,37182
菉,44909
鼊,70717
章,00406
詤,08612
打,51020
恶,10331
蠼,56147
溻,36127
缱,25137
愎,98047
忖,94000
碗,13612
苝,44112
囪,26000
卍,12217
篂,88105
儦,20231
褉,37284
惯,97082
芵,44805
哟,67020
慂,37332
翋,10118
熁,94827
攗,50094
袈,46732
茱,44905
翭,17184
佌,22210
龆,27762
覙,26912
讈,01611
曼,60407
绒,23150
啵,64047
艗,28412
顣,51286
星,60105
绻,29112
郙,57227
禠,32217
晧,64061
侤,24227
緛,21984
騡,76392
籨,88882
留,77602
聸,17461
崌,27764
喧,63016
怲,91027
踪,63191
埕,46114
姓,45410
閄,78200
矄,62031
娆,45412
訳,07687
顶,11282
甸,27620
躌,68151
憧,90015
桢,41982
查,40106
涆,31140
菼,44809
庁,00221
嫕,41431
斾,08227
鲝,80106
鉙,86180
聪,18436
娌,46415
炂,98832
疗,00127
亍,10201
蝥,18136
伇,27247
詝,03621
衭,35280
羾,11112
粊,22904
膟,70243
版,22047
购,77820
筣,88923
脏,70214
绠,21146
揉,57094
兑,80212
贆,63884
咅,00601
峲,22927
邥,47027
乒,72201
述,33309
鳁,26112
櫽,72904
甲,60500
揶,57027
讲,35700
珹,13150
窄,30211
錵,84114
珃,15147
錻,83140
阌,37407
挭,51046
镊,81747
鹢,87127
曝,66099
氥,80617
檐,47961
拼,58041
绿,27199
皿,77102
曲,55600
腌,74216
韱,83150
颣,91982
杜,44910
熕,91886
掽,58012
辗,47532
刀,17220
靲,48527
懆,96094
漹,31127
脄,74289
麭,47412
鹬,17227
豺,24200
鮡,22313
愻,12339
綊,24988
沮,37112
巈,22527
踛,64114
晩,67012
巗,26748
苻,44240
菃,44117
宸,30232
邗,17427
巅,22882
激,38140
鉫,86100
岿,22277
旬,27620
鈬,87187
軗,57047
竩,03112
筮,88108
熏,20331
陀,73212
葭,44247
蓙,44214
坻,42140
鉪,84117
剝,22900
夋,23407
劸,44127
訜,08627
鏔,83186
艡,29466
敡,61247
撄,57044
藅,44626
劋,62900
腽,76212
娊,46412
殐,15296
鍗,80127
蛔,56100
犁,22500
衊,24153
趴,68100
搸,55094
黍,20909
虬,52110
榫,40941
蕤,44231
喦,60772
憼,48334
姣,40448
浦,33127
煫,98832
僴,27220
趐,47802
唣,66014
煗,91884
螺,56193
琦,14121
輲,52027
禥,34214
臞,76215
筼,88802
崰,22763
隹,20215
騼,70312
豣,11240
贰,43800
憻,90016
熉,96886
殩,17294
嘧,63072
禶,34286
跒,61120
潧,38166
啂,62010
旓,08227
茛,44732
筎,88463
迳,37301
掻,57036
琳,14190
靕,15127
鹮,67727
卺,17712
堆,40115
怡,93060
钞,89720
橐,50904
朋,77220
瓂,14112
覾,36612
藐,44212
懏,90027
芜,44412
鑻,84152
繫,57903
敕,58940
密,30772
瓢,12930
妌,45400
奕,00804
遫,38304
虡,21281
倰,24247
榣,42972
嶢,24712
甂,31217
膬,72214
藀,44809
冈,77220
鑝,84135
瀜,35136
膹,74286
轏,57047
殛,17214
掹,57012
品,60660
敖,58240
釳,88117
鍭,87184
涰,37147
饿,23750
摤,54084
缋,25182
蹪,65186
偔,26227
谞,37727
骏,73147
噎,64018
袶,37254
牟,23500
灴,91812
嫸,48461
炎,90809
孩,10482
神,35206
斥,72241
永,30902
倹,28286
塔,44161
塖,42191
仙,22270
堄,47112
胞,77212
阂,37802
係,22293
邦,57027
鄦,87327
钼,86700
帩,49227
鹆,87627
摆,56032
瞁,66084
鍢,81166
肍,74217
熪,97827
骸,70282
灢,35132
藣,44212
軘,55017
樗,41927
匉,27420
簃,88927
蜊,52100
钆,82710
瀹,38127
靏,10227
筽,88804
困,60904
鳡,23135
绖,21114
彶,27247
錤,84181
釨,87147
砖,15632
陎,75290
闰,37104
磲,11694
砈,11612
滆,31127
狅,42214
蜷,59112
笠,88108
觖,25280
鸟,27127
鼆,37817
垵,43144
信,20261
彲,12222
塱,37104
胩,71231
囫,60227
歍,27382
鴷,12327
膫,74296
藨,44231
淭,33194
恫,97020
莄,44506
貒,22227
取,17440
蹹,68127
嘌,61091
俩,21227
朻,42900
袇,37240
付,24200
箥,88147
蕀,44992
窬,30221
廤,00212
蝀,55196
孮,13491
潮,37120
桀,25904
瞣,65036
溛,33132
寚,30772
簅,88215
暊,61086
鲚,20124
嗹,65030
诳,31714
镦,88740
膯,72218
畤,64041
涩,37111
臗,73213
除,78294
佴,21240
轾,41514
馡,21611
璱,11134
砂,19620
睩,67099
蕉,44331
鵊,47827
裢,34235
嫾,49459
饩,28717
陜,74288
殥,13286
笷,88727
嶑,27732
捆,56000
閍,77227
襊,36247
睘,60732
蝂,52147
塛,41194
菥,44921
旨,22601
竔,04100
罳,60336
诱,32727
啚,60604
遪,33302
撀,47502
澬,37186
嶅,58772
佨,27212
匎,27720
嗕,61043
蓫,44303
蘅,44221
匬,71712
烊,98851
鞣,47594
珟,17110
餫,87752
娲,46427
然,23338
衡,21221
獬,47252
貉,27264
啱,62062
码,17627
炮,97812
繇,22793
千,20400
楕,44927
裈,37254
隽,20227
秠,21919
卵,77720
转,45532
邞,57827
巺,77801
糪,70904
鳝,28161
禁,44901
泶,90902
屈,77272
檿,71294
鶅,27627
塼,45143
嫫,44484
稙,24912
张,12234
芖,44804
酗,12670
佑,24260
粌,92900
岂,22717
咰,67020
粝,91927
俙,24227
晊,61014
脌,78250
鵟,41327
奧,27804
蠹,50136
硠,13632
蹫,67127
泇,36100
生,25100
掲,56027
卖,40804
攑,57058
槺,40999
揊,51066
埱,47140
嵰,28737
裄,31221
利,22900
痞,00169
羷,88586
鞼,45586
毩,29719
郢,67127
堞,44194
缅,21162
啩,63000
曋,61046
蛯,54112
惾,92047
穾,30804
蔪,44521
蘵,44453
猦,47210
爙,90832
樈,40912
抪,54027
氒,72404
柢,42940
輱,53050
抣,57020
药,44127
跊,65190
眄,61027
欃,47913
肯,21227
投,57047
唸,68032
兤,90218
捲,59012
楔,47984
发,23407
咭,64061
诉,32741
軷,53047
蒱,44527
鈝,85100
恂,97020
顇,01486
鬗,72227
楡,48932
饖,81753
陇,73214
轵,46580
夃,17227
魱,21312
滉,36112
薱,44140
炶,91860
仓,80712
濳,34161
呭,64017
駚,75380
髶,72401
炔,95880
屔,77112
疷,00142
躏,64127
盚,43102
墉,40127
疒,00100
禸,40227
谩,36747
輚,53053
濮,32185
哄,64081
刚,72200
瓦,10717
洇,36100
絥,23984
韘,44594
穔,24986
晹,66027
佰,21262
訿,02610
谈,39789
嬞,44415
戭,33850
竢,03184
匇,27220
蓞,44777
爚,98827
渿,34191
酚,18627
梅,48957
丫,80207
藭,44427
腗,75221
捤,57014
騳,71327
燗,97820
荞,44228
魄,26613
久,27800
飖,27710
返,32304
鱹,24315
飍,77211
茇,44407
霕,15717
墏,27104
轃,55094
缭,24196
梮,47927
刅,17330
嵹,22236
櫵,44931
魶,24327
赠,78866
犔,28517
雌,20115
嚎,60032
杋,47910
剒,42600
濝,34193
乳,22410
朙,67020
満,34127
猘,42200
壕,40132
胮,77254
虘,21212
兛,42214
狰,47257
媓,46414
吭,60017
弧,12230
槭,43950
瑡,11127
猅,41211
驆,76354
唬,61017
丧,40732
系,20903
蛠,54127
蔳,44127
蠓,54132
鴡,77127
剤,02200
珥,11140
灭,10809
冋,77220
瘠,00127
擶,58021
韗,47552
緸,21914
嗫,61047
儣,20286
拡,50032
褜,77732
耷,40401
敫,28240
屝,77211
勋,64827
掷,57027
秇,25917
夊,47400
鹁,47427
鄹,17227
饤,21720
湆,30161
蒑,44247
隯,74241
镒,88712
蠫,22136
魋,20511
昅,67047
姐,47412
泳,33192
癊,00132
於,08233
賱,67852
莶,44109
媘,42462
辑,46541
膰,72269
盿,60040
堒,46112
菖,44606
丘,72102
烇,98814
凎,38119
娸,44481
屮,22400
糫,96932
呬,66000
崱,22827
洮,32113
鵇,87527
綀,25996
繬,24961
疜,00131
鳣,20116
餦,81732
僵,21216
腉,77212
榏,48912
型,12104
个,80200
绑,27127
踱,60147
鼦,77762
萓,44102
祀,37217
棍,46912
藻,44194
蒉,44802
袧,37220
皖,23612
焢,93812
鎽,82154
鄣,07427
疨,00141
铰,80748
痒,00151
觓,22200
鮅,23304
梺,44231
飐,71216
翮,17220
寅,30806
鹨,17227
喞,67020
薄,44142
輺,54060
王,10104
唆,63047
军,37504
墿,46141
劮,24827
煜,96818
樜,40937
觅,20212
息,26330
壄,44104
踝,66194
牬,25527
稷,26947
搔,57036
浐,30101
噇,60015
劺,24527
痟,00127
珡,11801
蓩,44227
仵,28240
硷,18619
爋,94827
堾,45168
閝,77302
浇,35112
斡,48440
橑,44996
菎,44712
豂,87622
逬,32304
嬖,70404
匫,71716
镼,77772
珴,13150
儬,26212
讑,08627
拻,54089
症,00111
傇,24241
跺,67194
擜,53084
襹,31212
仅,27240
媞,46481
姬,41412
掗,51012
怙,94060
桰,42964
萪,44940
钇,87710
